Year,Month,Day,Month #,Day #,Week#,Kitchen waste (t),Fruit and vegetable waste (t),Bread Paste (t),Waste oil (t),Total Waste (t),Daily landfilled amount (t),Diesel waste water (m³),Flour and waste oil (m³),Kitchen waste paste (m³),Daily water consumption (m³),Daily electricity consumption (kWh),Insect medium with pulp (m³),#1 acidification hydrolysis tank feed (m³),#1 acidification hydrolysis tank discharge (m³),#2 acidification hydrolysis tank feed (m³),#2 acidification hydrolysis tank discharge (m³),#1 Anaerobic tank slurry feed (m³),#1 Anaerobic tank biogas cumulative production (m³),#1 anaerobic tank biogas daily output (m³),#2 Anaerobic tank slurry feed (m³),#2 anaerobic tank biogas cumulative production (m³),#2 anaerobic tank biogas daily output (m³),Daily water consumption (m³)2,Daily electricity consumption (kWh)2,Boiler cumulative gas consumption (m³),Boiler daily gas consumption (m³),Total Biogas Production,Torch burning time (min),Amount of flocculant (kg),Water treatment amount (m³),Digestate production (t) ,Daily electricity consumption (kWh)3,Water treatment capacity (m³)2,Emissions (m³),Dissolved Oxygen in Oxygen Pool (mg/L),#1 Contact Oxidation Cell Dissolved Oxygen (mg/L),#2 Contact Oxidation Cell Dissolved Oxygen (mg/L),#3 Contact Oxidation Cell Dissolved Oxygen (mg/L),Daily electricity consumption (kWh)4,Circulating liquid PH value,Maximum tower temperature (℃),Minimum tower temperature (℃),Air intake H2S content (PPM),Exhaust H2S content (PPM),Daily water consumption (m³)3,TotalElecCons,TotalWaterCons
2015,December,1,1,1,1,92.03,0,7.95,13.54,99.98,0,54,17,167,11.76,0,0,0,0,0,0,50,107936,3288,80,232517,4631,0,975,0,501,7919,0,16,206,6.34,721,85,146,0,0,0,0,0,0,,,,,,1696.203577,11.76
2015,December,2,1,2,1,78.43,0,13.3,16.1,91.73,0,36,8,100,9.92,0,0,0,0,0,0,100,109944,2008,70,233210,693,0,1043,0,559,2701,300,16,206,6.35,718,84,146,0,0,0,0,0,0,,,,,,1761.454597,9.92
2015,December,3,1,3,1,81.84,0,8.35,6.6,90.19,0,22,34,120,6.91,0,0,0,0,0,0,90,115567,5623,60,237794,4584,0,1093,0,633,10207,1140,16,206,6.39,720,86,146,0,0,0,0,0,0,,,,,,1812.982114,6.91
2015,December,4,1,4,1,81.05,0,9.1,17.48,90.15,0,22,20,92,7.63,0,0,0,0,0,0,60,121046,5479,100,242897,5103,0,939,0,390,10582,1240,17,207,6.43,723,88,146,0,0,0,0,0,0,,,,,,1661.635705,7.63
2015,December,5,1,5,1,36.86,0,9.4,12.47,46.26,0,44,35,122,7.9,0,0,0,0,0,0,80,125451,4405,80,247520,4623,0,1050,0,450,9028,1220,17,208,6.47,726,91,146,0,0,0,0,0,0,,,,,,1776.042619,7.9
2015,December,6,1,6,1,21.58,0,16.2,11.85,37.78,0,22,21,0,0,0,0,0,0,0,0,80,129944,4493,80,255145,4625,0,1066,0,533,9118,1253,17,212,6.53,738,97,145,0,0,0,0,0,0,,,,,,1803.684918,0
2015,December,7,1,7,1,89.98,0,9.1,12.14,99.08,0,30,48,96,8.72,0,0,0,0,0,0,80,134947,5003,80,257218,5073,0,911,0,617,10076,1410,17,211,6.55,733,96,145,0,0,0,0,0,0,,,,,,1644.025789,8.72
2015,December,8,1,8,2,80.46,9.8,16.9,13.92,107.16,0,29,31,148,9.85,0,0,0,0,0,0,90,140067,4936,80,262218,5000,0,906,0,409,9936,1340,17,212,6.59,736,99,145,0,0,0,0,0,0,,,,,,1642.099996,9.85
2015,December,9,1,9,2,77.2,10.4,5.6,10.69,93.2,0,22,12,114,8.95,0,0,0,0,0,0,80,145003,4936,80,267198,4980,0,1076,0,556,9916,1340,17,213,6.64,740,101,144,0,0,0,0,0,0,,,,,,1815.511611,8.95
2015,December,10,1,10,2,78.37,9.34,8.3,9.79,96.01,0,25,40,140,9.61,0,0,0,0,0,0,100,147737,2734,100,271611,4413,0,1098,0,651,7147,1240,17,215,6.67,746,105,144,0,0,0,0,0,0,,,,,,1843.732297,9.61
2015,December,11,1,11,2,74.03,8.95,7.99,10.08,90.97,0,22,22,153,11.93,0,0,0,0,0,0,80,152450,4713,60,274000,2589,0,968,0,428,7302,780,17,214,6.69,742,104,144,0,0,0,0,0,0,,,,,,1710.476699,11.93
2015,December,12,1,12,2,38.38,6.09,17,15.62,61.47,0,44,24,101,6.54,0,0,0,0,0,0,60,154892,2442,60,276191,2191,0,1001,0,553,4633,150,17,214,6.71,743,105,144,0,0,0,0,0,0,,,,,,1744.19432,6.54
2015,December,13,1,13,2,16.51,0,8,13.94,24.51,0,30,0,0,0,0,0,0,0,0,0,60,158858,3966,80,280646,4455,0,944,0,546,8421,130,17,216,6.75,748,108,143,0,0,0,0,0,0,,,,,,1691.519397,0
2015,December,14,1,14,2,71.68,2.78,17.56,15.41,92.02,0,30,37,85,5.4,0,0,0,0,0,0,100,162312,3454,70,285019,4373,0,992,0,621,7827,450,17,217,6.78,752,111,143,0,0,0,0,0,0,,,,,,1744.305075,5.4
2015,December,15,1,15,3,79.16,10.56,17.32,0,107.04,0,49,31,122,10.01,0,0,171,40,31,90,65,165884,3572,65,289177,4158,0,1083,0,520,7730,1120,17,218,6.82,756,114,143,0,0,0,0,0,0,,,,,,1839.28775,10.01
2015,December,16,1,16,3,79.25,6.67,15.28,2.16,101.2,0,0,37,98,10.04,0,810,120,0,15,200,100,170603,4719,100,293753,4576,0,1130,0,407,9295,1260,38,302,6.86,640,116,142,0,0,0,0,640,0,,,,,,2410,10.04
2015,December,17,1,17,3,76.88,7.68,8.3,4.75,92.86,0,0,15,80,12.59,0,1100,0,155,91,0,70,174072,3469,85,298908,5155,0,1080,0,494,8624,1290,21,216,6.90,1040,141,44,0,0,0,0,880,0,,,,,,3000,12.59
2015,December,18,1,18,3,78.4,6.7,8.11,22.47,93.21,0,30,20,126,12.59,0,780,20,80,30,80,90,177892,3820,70,303534,4626,0,1160,0,376,8446,130,18,286,6.94,1760,126,141,0,0,0,0,880,0,,,,,,3800,12.59
2015,December,19,1,19,3,52.88,9.1,0,15.24,61.98,0,0,9,86,7.61,9,840,95,0,0,150,90,182504,4612,60,307706,4172,1,1240,0,680,8784,150,37,360,6.97,1840,135,182,0,0,0,0,960,0,,,,,,4049,8.61
2015,December,20,1,20,3,19.79,7.94,0,2.6,27.73,0,0,9,0,0,0,0,9,0,0,150,90,186349,3845,60,311610,3904,0,1210,0,655,7749,780,36,314,7.01,1200,114,80,0,0,0,0,960,0,,,,,,3370,0
2015,December,21,1,21,3,77.68,7.64,15.19,8.6,100.51,0,32,22,90,8.09,25,890,11,100,43,20,60,189358,3009,60,315844,4234,7,1210,0,416,7243,880,27,265,7.04,640,54,96,0,0,0,0,960,0,,,,,,2835,15.09
2015,December,22,1,22,4,76.07,7.61,15.09,13.57,98.77,0,0,23,117,10.05,29,780,140,20,0,60,40,192625,3267,40,319518,3674,2,1080,0,559,6941,900,27,210,7.07,640,80,102,0,0,0,0,960,0,,,,,,2709,12.05
2015,December,23,1,23,4,84.22,7.6,8.78,16.79,100.6,0,0,22,93,10.37,32,1020,93,40,22,90,60,195721,3096,70,322978,3460,3,920,0,381,6556,1158,22,195,7.10,480,215,173,0,0,0,0,960,0,,,,,,2392,13.37
2015,December,24,1,24,4,90.41,7.48,15.06,9.58,112.95,0,0,22,88,9.91,29,780,0,130,110,0,65,199005,3284,65,327110,4132,6,1000,0,518,7416,10,35,270,7.14,1680,218,152,0,0,0,0,1120,0,,,,,,3829,15.91
2015,December,25,1,25,4,74.94,8.34,15.25,11.26,98.53,0,0,22,88,6.88,22,860,22,60,88,60,60,203178,4173,60,331879,4769,0,920,0,656,8942,424,21,234,7.18,1800,208,114,0,0,0,0,1120,0,,,,,,3862,6.88
2015,December,26,1,26,4,59.57,7.88,16.53,12.16,83.98,0,31.67,18.51,98,12.29,30,970,50,40,98,60,60,207068,3890,40,335712,3833,0,1000,0,453,7723,300,13,120,22.71,1400,213,120,0,0,0,0,1200,0,,,,,,3630,12.29
2015,December,27,1,27,4,14.31,0,15.56,12.82,29.87,0,22,45.64,0,0,0,0,0,40,67.64,130,70,210528,3460,100,341692,5980,0,920,0,416,9440,51,32,229,7.26,1600,224,114,0,0,0,0,960,0,,,,,,3480,0
2015,December,28,1,28,4,84.4,7.68,8.52,0,100.6,0,46.22,38.36,83,11.25,31,605,0,40,167.58,120,70,215137,4609,90,345931,4239,0,1000,0,451,8848,70,31,238,27.63,1760,176,110,0,0,0,0,960,0,,,,,,3751,11.25
2015,December,29,1,29,5,86.34,6.83,8.38,0,101.55,0,12,0,85,10.88,29,1020,0,0,97,110,60,218748,3611,50,349531,3600,0,920,0,592,7211,46,27,176,15.21,1760,143,119,0,0,0,0,1040,0,,,,,,3749,10.88
2015,December,30,1,30,5,82.37,5.19,13.96,0,101.52,0,22,14,85,10.44,27,730,0,0,121,100,50,224267,5519,50,354984,5453,0,890,0,518,10972,38,22,123,30.96,1680,0,0,0,0,0,0,960,0,,,,,,3557,10.44
2015,December,31,1,31,5,86.73,5.52,0,0,92.25,0,0,24.53,103,16.55,29,970,0,30,127.53,80,55,228599,4332,55,360071,5087,0,1000,0,670,9419,650,35,248,30.59,1280,177,82,0,0,0,0,1120,0,,,,,,3429,16.55
2016,January,1,2,32,5,33.23,0,15.2,9.95,48.43,5.49,22,45,50,29,680,0,0,15,117,85,60,231946,3347,40,364674,4603,0,680,0,665,7950,1137.4,19,239,7.45,826,40,306,0,720,199,91,1040,0,,,,,,3226.3856,29
2016,January,2,2,33,5,17.98,0,0,16.47,17.98,0,22,0,0,0,80,0,0,0,22,60,30,235357,3411,30,368055,3381,0,600,66264,460,6792,530,16,180,7.12,563,21,177,0,560,184,79,800,0,,,,,,2042.591918,0
2016,January,3,2,34,5,29.28,0,15.9,11.53,45.18,0,0,39,0,0,80,0,0,0,39,60,30,237510,2153,30,371671,3616,0,1000,66567,303,5769,1080,16,181,7.15,567,22,172,0,560,149,93,560,0,,,,,,2206.753828,0
2016,January,4,2,35,5,91.75,11.45,16.1,13.73,119.3,2.77,22,7,80,10,730,0,0,0,109,110,50,240128,2618,60,374909,3238,0,920,68655,2088,5856,189,16,180,7.17,562,27,177,0,800,160,108,560,0,,,,,,2771.825498,10
2016,January,5,2,36,6,86.37,13.46,25.95,10.48,125.78,18.96,22,66,106,31,1200,0,22,0,172,90,50,244018,3890,40,379272,4363,0,840,72115,3460,8253,169,16,178,7.18,552,30,212,0,1760,171,135,480,0,,,,,,3072.02465,31
2016,January,6,2,37,6,87.59,13.63,15.83,11.26,117.05,13.88,18.51,27.65,86,21,1020,0,27.65,0,104.51,75,35,247364,3346,40,383672,4400,0,790,75475,3360,7746,98,16,177,7.20,544,41,297,0,1760,191,102,480,0,,,,,,2833.644803,21
2016,January,7,2,38,6,92.7,14.26,15.28,12.67,122.24,12.83,46.3,22.3,92,22,860,0,138.3,0,22.3,72,42,251267,3903,30,387173,3501,0,790,78507,3032,7404,107,16,174,7.22,533,37,290,0,960,146,109,560,0,,,,,,2742.952327,22
2016,January,8,2,39,6,72.28,0,16.79,12.82,89.07,10.41,44.3,33,82,14,890,0,115,46,44.3,30,38,255509,4242,38,390815,3642,0,950,81575,3068,7884,116,16,172,7.23,522,30,268,64.56,530,197,110,480,0,,,,,,2841.858756,14
2016,January,9,2,40,6,41.26,0,16.09,14.4,57.35,0,0,33,80,9,550,0,0,56,113,0,28,258785,3276,28,395635,4820,0,1080,85032,3457,8096,39,16,171,7.25,514,38,276,0,530,190,81,480,0,,,,,,2624.464879,9
2016,January,10,2,41,6,18.78,0,15.88,16.41,34.66,0,24,31,0,0,0,0,0,70,55,0,35,261598,2813,35,398666,3031,0,950,85785,753,5844,840,16,171,7.27,514,32,296,0,540,179,159,560,0,,,,,,2023.731462,0
2016,January,11,2,42,6,93.48,7.94,11.42,15.96,112.84,11.95,22,12,52,8,860,0,0,92,86,0,45,264434,2836,47,402197,3531,0,870,86268,483,6367,968,16,171,7.30,516,26,281,0,540,154,171,640,0,,,,,,2885.622023,8
2016,January,12,2,43,7,73.52,11.33,16.69,16.53,101.54,10.37,0,11.15,85,9,940,0,96.15,0,0,99,52,267793,3359,47,405929,3732,0,900,86963,695,7091,885,16,172,7.33,516,34,290,0,520,52,0,640,0,,,,,,2996.164913,9
2016,January,13,2,44,7,56.11,11.45,26.63,7.33,94.19,15.76,0,52.33,71,7,1020,0,123.33,0,0,86,45,270059,2266,41,408875,2946,0,870,87379,416,5212,943,16,172,7.35,518,23,234,19.52,430,143,6,560,0,,,,,,2967.718597,7
2016,January,14,2,45,7,89.91,6.87,16.69,2.88,113.47,13.33,0,44,78,6,910,0,0,90,122,0,45,272726,2667,45,411837,2962,0,840,87757,378,5629,1027,16,173,7.37,519,25,268,0,540,193,100,720,0,,,,,,2988.830675,6
2016,January,15,2,46,7,85.35,7.84,0,14.1,93.19,11.31,0,22,80,10,1070,0,0,115,102,0,55,276568,3842,60,415037,3200,0,1000,88547,790,7042,1011,16,173,7.40,517,29,286,0,440,184,120,640,0,,,,,,3226.567894,10
2016,January,16,2,47,7,30.44,21.83,9.48,11.32,61.75,10.87,0,22,104,11,1150,0,0,62,126,0,31,280989,4421,31,417739,2702,0,760,89423,876,7123,706,16,172,7.41,511,29,286,23.22,360,142,96,480,0,,,,,,2901.270053,11
2016,January,17,2,48,7,6.61,0,10.04,16.15,16.65,0,22,38,0,1,240,0,11,56,49,5,30,283786,2797,31,420286,2547,0,820,90144,721,5344,1032,16,171,7.43,509,11,113,83.01,330,144,60,640,0,,,,,,2209.427949,1
2016,January,18,2,49,7,70.56,10.3,14.04,12.31,94.9,7.71,0,0,76,68,1040,0,76,0,0,96,46,287143,3357,50,423320,3034,0,980,90789,645,6391,781,16,171,7.45,508,21,208,0,410,85,40,560,0,,,,,,3088.256158,68
2016,January,19,2,50,8,83.81,0,24.98,10.53,108.79,10.19,0,50.34,100,19,1280,0,150.34,87,0,64,73,290603,3460,78,427243,3923,0,870,93247,2458,7383,352,16,170,7.47,502,29,193,0,380,107,151,480,0,,,,,,3132.063598,19
2016,January,20,2,51,8,81.3,0,0,0,81.3,0,0,47.87,76,7,970,0,0,88,123.87,0,48,293654,3051,40,430517,3274,0,870,96185,2938,6325,0,16,168,7.48,493,27,144,0,370,180,140,640,0,,,,,,2972.845654,7
2016,January,21,2,52,8,0,0,0,0,0,0,0,25.61,70,10,860,0,0,65,95.65,0,30,296101,2447,35,433213,2696,0,790,97736,1551,5143,0,16,168,7.50,489,15,80,0,270,192,124,560,0,,,,,,2698.843548,10
2016,January,22,2,53,8,0,0,0,0,0,0,0,18,69,14,860,0,0,89,87,0,42,298807,2706,47,436011,2798,0,870,98651,915,5504,822,16,167,7.52,487,16,76,0,200,199,109,560,0,,,,,,2777.253219,14
2016,January,23,2,54,8,0,0,0,0,0,0,0,36,50,3,550,0,0,53,86,0,30,300655,1848,23,437589,1578,0,660,99052,401,3426,600,16,167,7.53,486,6,26,0,220,184,112,480,0,,,,,,2175.965377,3
2016,January,24,2,55,8,0,0,0,0,0,0,0,8.03,0,0,80,0,0,25,8.03,42,36,302430,1775,31,439369,1780,0,800,99761,709,3555,97,16,167,7.54,484,25,114,0,280,110,164,480,0,,,,,,1844.348452,0
2016,January,25,2,56,8,79.99,0,26.23,11.73,106.22,8.34,0,74.13,99,10,730,0,173.13,0,0,42,21,303754,1324,21,441209,1840,0,870,100915,1154,3164,112,16,167,7.55,482,15,32,67.41,260,40,117,480,0,,,,,,2561.971721,10
2016,January,26,2,57,9,76.67,11.08,26.57,10.84,114.32,10.33,0,44,56,8,630,0,100,5,0,54,32,305615,1861,27,442948,1739,0,790,101614,699,3600,521,16,166,7.56,480,0,0,0,200,60,108,560,0,,,,,,2460.108115,8
2016,January,27,2,58,9,81.08,0,15.37,8.96,96.45,6.88,0,10,61,10,860,0,0,50,71,0,25,307343,1728,25,444746,1798,0,820,102993,1379,3526,180,16,165,7.57,476,0,0,0,180,48,86,560,0,,,,,,2715.910997,10
2016,January,28,2,59,9,79.54,0,16.25,3.77,95.79,19.06,0,24,62,24,560,0,0,46,86,0,28,309121,1778,18,446248,1502,0,580,104054,1061,3280,67,16,165,7.57,472,0,0,0,230,63,100,480,0,,,,,,2092.068274,24
2016,January,29,2,60,9,83.1,0,22.52,14.05,105.62,19.23,0,26,50,22,880,0,0,45,76,0,25,310584,1463,20,447539,1291,0,610,104649,595,2754,390,16,164,7.58,470,5,26,0,410,80,81,560,0,,,,,,2520.121916,22
2016,January,30,2,61,9,58.25,0,8.26,17.98,66.51,29.31,0,31,92,30,720,0,0,65,122,0,32,311990,1406,33,449273,1734,0,870,105192,543,3140,386,16,164,7.59,470,30,192,0,680,75,118,560,0,,,,,,2619.820239,30
2016,January,31,2,62,9,19.96,0,16.59,13.29,36.55,4.94,0,17.62,101,5,810,0,17.62,50,61,40,45,313774,1784,45,451536,2263,0,740,105804,612,4047,495,16,165,7.61,470,27,164,0,650,81,110,480,0,,,,,,2499.952216,5
2016,February,1,3,63,9,79.86,0,32.65,10.36,112.51,9.95,0,23.19,38,11,730,0,0,110,61.19,0,60,316322,2548,50,453713,2177,0,820,106481,677,4725,400,16,164,7.62,468,11,90,0,570,80,90,560,0,,,,,,2577.972008,11
2016,February,2,3,64,10,70.05,0,25.1,10.69,95.15,14.59,0,32,74,13,960,0,32,0,0,74,42,318049,1727,32,455528,1815,0,870,107135,654,3542,460,16,164,7.63,467,14,110,15.8,570,84,96,640,0,,,,,,2936.6341,13
2016,February,3,3,65,10,59.39,0,24.09,9.13,83.48,11.94,0,60,36,6,780,0,59,64,37,20,40,319819,1770,44,457698,2170,0,870,107776,641,3940,631,16,164,7.65,466,13,100,0,570,83,96,640,0,,,,,,2756.384378,6
2016,February,4,3,66,10,64.54,0,14.91,2.56,79.45,8.59,0,9,52,4,650,0,61,22,0,62,52,321654,1835,32,459770,2072,0,740,108276,500,3907,414,16,164,7.66,466,12,103,0,642,97,109,640,0,,,,,,2496.259556,4
2016,February,5,3,67,10,54.88,0,15.82,5.24,70.7,7.43,0,17,49,3,600,0,66,27,0,24,28,323070,1416,23,461314,1544,0,500,108577,301,2960,320,16,164,7.67,466,0,0,17.51,0,60,31,480,0,,,,,,2046.278547,3
2016,February,6,3,68,10,40.98,0,16.53,6.03,57.51,5.06,0,20,62,2,840,0,0,86,82,0,48,324541,1471,34,462746,1432,0,560,109127,550,2903,267,16,164,7.68,465,7,70,0,340,129,47,400,0,,,,,,2264.928891,2
2016,February,7,3,69,10,20.07,0,8.51,0,28.58,4,0,16,0,0,0,0,0,84,16,0,42,326620,2079,42,464309,1563,0,570,109671,544,3642,303,16,164,7.69,463,6,66,0,338,74,52,400,0,,,,,,1432.797935,0
2016,February,8,3,70,10,13.07,0,0,0,13.07,0,0,0,25,5,210,0,25,0,0,60,30,327911,1291,30,466046,1737,0,630,110031,361,3028,543,16,164,7.71,463,11,101,0,460,114,121,480,0,,,,,,1783.383734,5
2016,February,9,3,71,11,34.71,0,0,0,34.71,3.01,0,0,12,9,420,0,0,56,12,0,28,329175,1264,28,467660,1614,0,550,110281,250,2878,525,16,164,7.72,464,7,70,0,325,127,88,480,0,,,,,,1914.17124,9
2016,February,10,3,72,11,21,0,0,1.97,21,3.22,0,0,0,0,0,0,0,36,6,0,18,330391,1216,18,468944,1284,0,500,110552,271,2500,408,16,164,7.73,464,8,73,0,355,83,89,400,0,,,,,,1364.063646,0
2016,February,11,3,73,11,30.01,0,0,2.05,30.01,0,0,18,6,6,290,0,0,26,34,34,34,331364,973,26,470165,1221,0,450,110779,227,2194,431,16,165,7.74,464,0,0,0,110,99,88,320,0,,,,,,1524.454084,6
2016,February,12,3,74,11,29.04,0,8.17,2.13,37.21,0,19,9,0,0,160,0,28,0,0,70,38,332527,1163,32,471466,1301,0,550,111124,345,2464,360,16,165,7.75,464,7,62,0,380,0,0,320,0,,,,,,1494.251348,0
2016,February,13,3,75,11,27.6,0,17.46,2.12,45.06,0,0,20,0,0,290,0,20,30,0,24,30,333715,1188,24,472686,1220,0,500,111636,512,2408,199,16,165,7.75,463,4,94,18.07,410,48,57,320,0,,,,,,1573.069423,0
2016,February,14,3,76,11,60.14,0,17.8,1.97,77.94,3.54,0,24,0,0,320,0,0,54,24,0,27,334783,1068,27,473944,1258,0,580,112083,447,2326,310,16,164,7.76,463,4,77,0,330,50,47,480,0,,,,,,1842.50365,0
2016,February,15,3,77,11,58.16,0,16.71,5.91,74.87,15.25,0,23,80,9,580,0,0,62,103,0,34,336006,1223,28,475120,1176,0,630,112613,530,2399,248,16,164,7.77,461,10,100,0,410,143,84,480,0,,,,,,2151.060163,9
2016,February,16,3,78,12,69.19,0,8.96,7.16,78.15,7.14,0,20,65,16,650,0,85,0,0,81,44,337475,1469,37,477103,1983,0,630,113267,654,3452,466,16,164,7.78,461,4,58,14.23,440,173,114,560,0,,,,,,2300.921451,16
2016,February,17,3,79,12,65.72,0,16.87,14.01,82.59,8.09,0,20,46,17,650,0,66,0,0,62,31,339049,1574,31,479282,2179,0,660,113992,725,3753,479,16,164,7.80,461,18,120,0,360,108,88,560,0,,,,,,2330.75781,17
2016,February,18,3,80,12,68.85,0,17.89,5.17,86.74,7.75,0,25,50,8,570,0,75,0,0,60,30,340727,1678,30,480792,1510,0,580,114496,504,3188,445,16,164,7.81,459,13,112,0,460,133,89,480,0,,,,,,2089.34299,8
2016,February,19,3,81,12,72.91,10.3,26.65,8.23,109.86,8.32,0,19.4,74,12,1020,0,0,70,93.4,0,40,341850,1123,30,482183,1391,0,710,115371,875,2514,113,16,164,7.81,457,31,315,0,520,155,81,560,0,,,,,,2747.25056,12
2016,February,20,3,82,12,24.79,0,16.15,12.82,40.94,4.77,0,33,61,27,650,0,0,65,94,0,35,342679,829,30,483407,1224,0,630,115998,627,2053,224,16,164,7.82,456,21,204,0,490,207,106,560,0,,,,,,2296.348209,27
2016,February,21,3,83,12,17.37,0,7.99,11.34,25.36,0,0,22.3,0,0,80,0,22.3,5,0,60,40,343962,1283,25,484867,1460,0,680,116876,878,2743,220,16,163,7.83,454,6,50,0,230,207,114,560,0,,,,,,1774.248244,0
2016,February,22,3,84,12,82.78,0,9,9.11,91.78,8.14,0,18,68,5,600,0,86,0,0,100,50,345999,2037,50,486712,1845,0,550,117371,495,3882,117,16,163,7.84,453,30,80,0,460,183,132,560,0,,,,,,2163.173685,5
2016,February,23,3,85,13,73.61,0,16.79,11.13,90.4,10.42,0,22,45,4,780,0,67,10,0,40,25,347447,1448,25,488417,1705,0,580,117925,554,3153,200,16,163,7.85,453,19,123,0,330,257,80,560,0,,,,,,2372.557495,4
2016,February,24,3,86,13,69.48,9.13,14.82,9.49,93.43,4.87,0,13.38,55,5,860,0,0,30,68.38,55,45,348933,1486,40,490429,2012,0,710,118624,699,3498,647,16,163,7.86,452,28,200,0,440,215,116,640,0,,,,,,2662.216334,5
2016,February,25,3,87,13,75.75,7.86,8.86,8.55,92.47,10.24,0,30,96,20,1120,0,0,35,126,90,65,351440,2507,60,493302,2873,0,870,119311,687,5380,1126,16,163,7.88,452,36,301,34.14,440,181,103,560,0,,,,,,3002.290221,20
2016,February,26,3,88,13,76.17,14.78,16.85,8.85,107.8,7.22,0,44.6,88,16,1180,0,0,4,132.6,103,50,354740,3300,57,496528,3226,0,790,120168,857,6526,1078,16,163,7.91,451,34,325,33.94,600,350,72,640,0,,,,,,3060.944328,16
2016,February,27,3,89,13,56.88,16.71,17.86,12.99,91.45,13.16,0,24,90,43,1120,0,114,0,0,50,25,357680,2940,25,499466,2938,0,790,120740,572,5878,869,16,163,7.93,451,23,215,0,490,220,97,560,0,,,,,,2920.553708,43
2016,February,28,3,90,13,32.07,20.12,24.47,11.04,76.66,14.96,0,30,50,19,800,0,80,0,0,50,25,359185,1505,25,502302,2836,0,630,121435,695,4341,696,16,164,7.95,452,0,3,0,170,0,0,400,0,,,,,,2282.327962,19
2016,February,29,3,91,13,70.8,16.87,26.83,13.13,114.5,0,0,22,75,45,1020,0,97,10,0,70,40,360855,1670,40,505461,3159,0,990,122119,684,4829,935,16,165,7.97,455,7,182,0,280,173,124,560,0,,,,,,3024.831679,45
2016,March,1,4,92,14,89.14,8.43,15.02,27.14,112.59,13.21,0,23.86,68,21,1070,0,0,75,91.86,5,45,362837,1982,30,508385,2924,0,960,122655,536,4906,960,16,165,7.99,457,0,0,0,250,0,0,400,0,,,,,,2886.606185,21
2016,March,2,4,93,14,90.38,19.23,11.15,16.8,120.76,7.94,0,34.79,95,23,1250,0,0,85,129.79,5,40,365508,2671,50,511579,3194,0,820,123204,549,5865,1205,16,166,8.02,458,31,237,0,490,221,117,640,0,,,,,,3167.698989,23
2016,March,3,4,94,14,87.56,14.57,12.9,25.25,115.03,13.5,0,29,113,35,1350,0,142,5,0,148,74,368210,2702,74,515303,3724,0,1100,123924,720,6426,983,16,166,8.04,459,23,153,0,490,140,137,480,0,,,,,,3389.478678,35
2016,March,4,4,95,14,81.79,25.16,11.95,17.26,118.9,15.86,0,25.87,110,27,1380,0,0,134,110,0,71,371340,3130,63,519197,3894,0,790,124319,395,7024,1028,16,167,8.07,462,33,283,0,460,301,204,560,0,,,,,,3192.139711,27
2016,March,5,4,96,14,38.49,22.53,10.33,18.21,71.35,14.8,0,0,110,22,1070,0,110,10,0,80,50,374110,2770,40,522759,3562,0,790,125020,701,6332,937,16,168,8.10,463,25,158,32.7,280,94,103,400,0,,,,,,2723.313373,22
2016,March,6,4,97,14,13.66,8.93,14.3,17.91,36.89,2.95,0,31,50,21,620,0,81,0,0,70,30,375942,1832,40,525814,3055,0,790,125522,502,4887,806,16,169,8.12,466,3,20,35.25,170,45,100,480,0,,,,,,2355.786562,21
2016,March,7,4,98,14,85.13,12.65,8.44,17.54,106.22,8.75,0,0,61,22,670,0,0,110,61,0,55,377564,1622,55,528456,2642,0,840,126077,555,4264,1286,16,169,8.14,467,18,156,0,410,89,211,480,0,,,,,,2457.389877,22
2016,March,8,4,99,15,78.68,16.91,15.28,17.94,110.87,14.43,0,45.5,107,20,1150,0,0,120,152.5,0,65,379271,1707,55,531076,2620,0,790,126591,514,4327,1088,16,170,8.16,469,34,276,0,540,51,88,480,0,,,,,,2888.976625,20
2016,March,9,4,100,15,88.88,9,22.26,26.1,120.14,13.16,0,42,70,12,780,0,112,0,0,112,56,380876,1605,56,532838,1762,0,840,127266,675,3367,831,16,169,8.17,468,7,30,0,280,213,38,400,0,,,,,,2487.70313,12
2016,March,10,4,101,15,87.57,10.2,10.64,17.52,108.41,12.94,0,36.8,79,15,780,0,115.8,0,0,90,40,382601,1725,50,534421,1583,0,790,127975,709,3308,532,16,169,8.18,466,16,108,0,360,240,135,640,0,,,,,,2675.613498,15
2016,March,11,4,102,15,82.84,27.24,13.85,17.03,123.93,7.93,0,0,72,20,1020,0,0,70,72,0,35,383870,1269,35,535734,1313,0,790,128765,800,2582,330,16,169,8.19,463,0,10,0,360,206,129,400,0,,,,,,2673.343504,20
2016,March,12,4,103,15,38.36,11.97,15.58,24.13,65.91,13.28,0,22,80,20,940,0,0,50,102,0,25,385034,1164,25,536887,1153,0,710,130029,1264,2317,0,16,168,8.19,459,13,33,0,330,71,76,400,0,,,,,,2509.00234,20
2016,March,13,4,104,15,21.7,0,9.94,24.21,31.64,0,30,30,0,2,0,0,60,0,0,80,45,386440,1406,35,537766,879,0,820,131200,1171,2285,0,16,167,8.19,454,36,150,0,610,45,60,320,0,,,,,,1593.809404,2
2016,March,14,4,105,15,92.19,13.57,16.79,7.83,122.55,11.28,21,46,58,18,860,0,125,0,0,140,70,388801,2361,70,539680,1914,0,980,133406,2206,4275,0,16,165,8.20,445,34,202,0,560,263,202,400,0,,,,,,2685.443872,18
2016,March,15,4,106,16,84.18,10.61,11.3,17.56,106.09,13.06,22,69,83,17,990,0,0,180,174,0,90,390372,1571,90,541716,2036,0,950,135560,2154,3607,0,16,164,8.20,439,45,253,0,720,11,37,400,0,,,,,,2779.070984,17
2016,March,16,4,107,16,92.66,16.34,17.46,16.74,126.46,11.01,44,38,86,23,830,0,0,200,168,0,100,392111,1739,100,543873,2157,0,970,137741,2181,3896,0,16,162,8.21,433,39,227,74.88,800,0,0,320,0,,,,,,2552.660909,23
2016,March,17,4,108,16,81.07,21.85,9.18,27.02,112.1,12.45,20,24,104,31,1300,0,148,0,0,130,65,393620,1509,65,545754,1881,0,900,139731,1990,3390,0,16,161,8.21,427,35,233,0,880,346,65,480,0,,,,,,3106.648579,31
2016,March,18,4,109,16,86.64,25.02,12.87,27.06,124.53,12.16,22,22,114,42,1380,0,158,0,0,110,60,394973,1353,50,547644,1890,0,870,140742,1011,3243,453,16,161,8.22,425,30,243,0,620,278,201,640,0,,,,,,3314.95814,42
2016,March,19,4,110,16,32.32,19.93,13.81,18.49,66.06,9.49,0,38,57,25,810,0,0,200,95,0,100,396307,1334,100,549965,2321,0,800,141242,500,3655,920,16,161,8.24,427,32,289,0,620,210,162,640,0,,,,,,2676.613104,25
2016,March,20,4,111,16,21.46,0,14.79,17.51,36.25,0,17,43,0,0,0,0,0,96,60,0,58,397840,1533,38,551855,1890,0,760,141743,501,3423,903,16,161,8.25,427,21,200,0,440,263,129,640,0,,,,,,1826.615564,0
2016,March,21,4,112,16,95.21,45.25,12.14,27.1,152.6,10.3,0,47,105,33,1250,0,152,0,0,130,60,398984,1144,70,553713,1858,0,870,142476,733,3002,744,16,161,8.26,426,14,147,0,440,114,94,640,0,,,,,,3186.335372,33
2016,March,22,4,113,17,86.26,31.99,7.58,26.33,125.83,19.57,0,23.4,144,23,1250,0,167.4,0,0,135,70,400142,1158,65,555480,1767,0,710,142840,364,2925,862,16,162,8.28,427,16,155,0,380,213,157,1040,0,,,,,,3427.320026,23
2016,March,23,4,114,17,92.17,6.6,12.1,25.14,110.87,6.79,30,22,63,28,1350,0,0,110,115,0,50,401259,1117,60,557285,1805,0,790,143273,433,2922,606,16,162,8.29,428,12,98,0,330,209,173,1120,0,,,,,,3688.223542,28
2016,March,24,4,115,17,95.14,18.84,12.13,25.88,126.11,22.77,0,20,137,37,1380,0,0,180,157,0,90,402595,1336,90,558933,1648,0,790,143789,516,2984,652,16,162,8.30,428,14,123,0,410,208,119,1120,0,,,,,,3717.907165,37
2016,March,25,4,116,17,84.12,8,10.98,17.28,103.1,17.3,0,20,101,20,1070,0,121,40,0,160,100,404908,2313,100,561540,2607,0,1130,144294,505,4920,1197,16,162,8.32,428,25,368,19.14,1050,259,130,1040,0,,,,,,3668.396938,20
2016,March,26,4,117,17,63.71,14.75,14.09,17.22,92.55,9.44,0,20,86,15,940,0,86,60,0,200,130,406825,1917,130,563469,1929,0,960,145055,761,3846,70,16,162,8.33,427,18,230,66.94,840,283,109,960,0,,,,,,3286.581396,15
2016,March,27,4,118,17,26.77,9.35,15.68,26.44,51.8,0,0,20,0,1,0,0,0,0,0,50,25,408375,1550,25,565407,1938,0,880,145487,432,3488,180,16,162,8.35,427,16,103,0,650,352,92,960,0,,,,,,2266.951427,1
2016,March,28,4,119,17,89.86,14.25,14.09,17.37,118.2,17.67,0,20,131,25,1070,0,20,0,185,0,11,410234,1859,11,566921,1514,0,960,146037,550,3373,394,16,162,8.36,425,0,3,0,330,0,0,720,0,,,,,,3174.991143,25
2016,March,29,4,120,18,80.6,15.36,9.78,0,105.74,15.71,0,0,83,18,940,0,0,0,83,0,30,413252,3018,30,569289,2368,0,1040,146383,346,5386,1200,16,162,8.37,424,7,110,0,380,1,64,880,0,,,,,,3283.99092,18
2016,March,30,4,121,18,95.79,26.37,14.02,22.11,136.18,11.92,0,20,105,28,1170,0,0,50,125,0,25,416483,3231,25,571457,2168,0,1190,146794,411,5399,1220,16,162,8.39,422,5,15,0,250,0,134,880,0,,,,,,3661.558549,28
2016,March,31,4,122,18,81.54,15.09,9.96,0,106.59,14.04,0,20,68,27,1020,0,88,0,0,60,30,419720,3237,30,574075,2618,0,1450,147318,524,5855,1212,16,161,8.41,420,3,40,0,330,0,0,560,0,,,,,,3449.950948,27
2016,April,1,5,123,18,85.14,27.56,12.03,23.1,124.73,12.93,0,20,89,33,1250,0,89,0,0,60,30,423742,4022,30,577155,3080,0,1390,147805,487,7102,1212,16,161,8.43,418,17,162,0,490,157,114,640,0,,,,,,3698.180625,33
2016,April,2,5,124,18,36.42,6.88,7.96,16.76,51.26,13.66,0,0,117,16,780,0,0,120,117,0,60,428277,4535,60,581127,3972,0,1240,148412,607,8507,1187,16,161,8.46,417,17,261,50.11,570,84,93,640,0,,,,,,3077.355784,16
2016,April,3,5,125,18,27.61,0,12.89,17.79,40.5,0,0,26,0,0,160,0,0,80,0,0,40,430180,1903,40,583772,2645,0,820,148912,500,4548,650,16,162,8.48,418,9,150,0,400,93,116,320,0,,,,,,1718.356222,0
2016,April,4,5,126,18,10.52,0,8.78,17.19,19.3,0,0,22,0,0,0,0,0,100,0,0,50,433353,3173,50,588262,4490,0,1050,149609,697,7663,1208,16,163,8.52,422,10,160,0,450,151,106,400,0,,,,,,1871.575703,0
2016,April,5,5,127,19,96.46,17.88,6.09,8.86,120.43,11.72,0,20,131,29,920,0,131,0,0,120,70,436954,3601,70,592180,3918,0,1170,150498,889,7519,1264,16,163,8.54,421,19,187,0,390,226,193,880,0,,,,,,3391.241686,29
2016,April,6,5,128,19,78.58,27.57,12.7,24.96,118.85,13.15,0,22,124,30,1200,0,124,0,0,140,81,439563,2609,81,595416,3236,0,1170,152409,1911,5845,559,16,162,8.56,417,16,175,0,450,139,142,960,0,,,,,,3746.898025,30
2016,April,7,5,129,19,87.1,16.63,12.06,16.86,115.79,11.44,0,22,79,24,630,0,0,160,101,0,91,441688,2125,91,598212,2796,0,970,154951,2542,4921,20,16,161,8.57,410,22,219,0,570,203,207,720,0,,,,,,2729.908005,24
2016,April,8,5,130,19,78.42,32.43,12.42,16.24,123.27,9.6,0,22,116,33,920,0,0,140,116,0,81,443193,1505,81,600843,2631,0,920,156781,1830,4136,246,16,160,8.58,407,15,179,19.92,360,144,189,480,0,,,,,,2726.598927,33
2016,April,9,5,131,19,34.59,26.75,12.11,25.35,73.45,19.19,45,22,107,33,1040,0,45,105,107,45,86,446108,2915,86,604148,3305,0,850,157980,1199,6220,1006,16,160,8.60,405,16,180,0,420,110,144,480,0,,,,,,2774.975154,33
2016,April,10,5,132,19,20.2,0,9.24,17.16,29.44,0,33,30,0,0,160,0,33,110,0,0,70,449557,3449,70,607480,3332,0,800,159589,1609,6781,1077,16,159,8.62,401,21,200,0,450,186,162,560,0,,,,,,1920.569511,0
2016,April,11,5,133,19,95.16,39.93,6.95,15.62,142.04,13.2,15,22,73,36,1150,0,73,0,0,120,71,452116,2559,71,609716,2236,0,840,160160,571,4795,1123,16,159,8.64,399,17,162,0,960,176,129,480,0,,,,,,2868.887805,36
2016,April,12,5,134,20,85.98,30.74,9.54,17.76,126.26,11.15,0,34,147,32,1300,0,0,160,147,0,97,455128,3012,97,613168,3452,0,860,160591,431,6464,1204,16,160,8.67,401,24,224,0,540,153,170,480,0,,,,,,3040.525634,32
2016,April,13,5,135,20,82.78,11.78,11.62,17.75,106.18,19,22,22,134,37,1200,0,0,160,134,0,91,458167,3039,91,615699,2531,0,1020,160969,378,5570,1335,16,160,8.68,400,19,170,0,380,177,215,560,0,,,,,,3179.557203,37
2016,April,14,5,136,20,86.27,14.65,10.31,14.6,111.23,13.8,0,22,103,23,860,0,103,0,0,120,71,461103,2936,71,617859,2160,0,990,161474,505,5096,989,16,159,8.70,397,8,83,0,330,207,185,640,0,,,,,,2887.323658,23
2016,April,15,5,137,20,84,16.09,6.33,14.88,106.42,15.75,0,22,88,25,1130,0,88,0,0,80,51,463614,2511,51,619998,2139,0,860,161987,513,4650,961,16,159,8.71,396,0,21,0,250,185,199,560,0,,,,,,2945.870847,25
2016,April,16,5,138,20,28.47,12.05,11.15,16.11,51.67,10.46,0,0,76,25,450,0,0,80,76,0,40,464884,1270,40,622183,2185,0,980,162435,448,3455,940,16,160,8.73,397,9,100,31.51,300,180,190,560,0,,,,,,2387.362934,25
2016,April,17,5,139,20,27.22,10.05,12.36,8.76,49.63,0,0,22,0,0,0,0,0,80,0,0,51,466231,1347,51,624365,2182,0,1030,162835,400,3529,953,16,160,8.75,399,19,236,33.73,410,165,184,480,0,,,,,,1908.977298,0
2016,April,18,5,140,20,81.46,41.64,10.08,6.01,133.18,14.31,0,0,120,45,1230,0,120,0,0,140,70,467673,1442,70,626832,2467,0,990,163160,325,3909,1170,16,161,8.77,401,8,61,0,300,91,115,480,0,,,,,,3101.459003,45
2016,April,19,5,141,21,95.5,18.47,6.68,15.37,120.65,14.86,10,22,128,40,1350,0,144,0,15,180,101,470052,2379,101,629552,2720,0,1120,163522,362,5099,1320,17,161,8.79,403,22,187,10.75,460,156,153,480,0,,,,,,3352.627059,40
2016,April,20,5,142,21,77.55,18.32,14.67,15,110.54,25.11,0,22,119,25,1150,0,0,140,119,0,81,472827,2775,81,632684,3132,0,1120,164051,529,5907,990,17,162,8.81,403,28,259,0,490,153,342,480,0,,,,,,3153.417474,25
2016,April,21,5,143,21,88.66,18.61,14.83,8.32,122.1,14.73,0,16,68,22,780,0,0,150,68,0,78,475314,2487,88,635790,3106,0,1040,164433,382,5593,1145,17,162,8.83,405,16,187,0,410,147,123,560,0,,,,,,2785.236571,22
2016,April,22,5,144,21,72.58,7.37,11.15,14.82,91.1,13.07,0,22,80,20,900,0,80,0,0,90,61,478203,2889,51,638436,2646,0,1120,164995,562,5535,775,17,162,8.85,404,9,80,0,250,147,123,560,0,,,,,,2984.233413,20
2016,April,23,5,145,21,61.92,14.77,17.42,0,94.11,13.47,0,0,92,23,980,0,92,0,0,100,50,480499,2296,50,640944,2508,0,1120,165473,478,4804,806,17,162,8.87,404,11,98,0,300,136,121,560,0,,,,,,3064.366735,23
2016,April,24,5,146,21,18.54,3.07,10.35,16.73,31.96,0,0,0,0,0,0,0,0,100,0,0,50,482411,1912,50,642981,2037,0,960,165674,201,3949,1100,17,163,8.89,405,7,74,0,190,151,135,480,0,,,,,,1845.134747,0
2016,April,25,5,147,21,92.46,0,15.69,17.08,108.15,15.04,0,18,70,11,630,0,0,120,70,0,69,484190,1779,69,645233,2252,0,1120,166255,581,4031,790,17,163,8.90,405,14,118,0,330,86,145,480,0,,,,,,2635.284581,11
2016,April,26,5,148,22,78.91,0,10.24,16.45,89.15,16.27,0,22,71,13,730,0,71,0,0,100,61,485552,1362,61,647165,1932,0,1220,166878,623,3294,841,17,163,8.92,405,8,91,0,220,72,135,480,0,,,,,,2835.199284,13
2016,April,27,5,149,22,86.79,0,15.22,17.25,102.01,14.05,0,22,68,8,550,0,68,0,0,80,51,486585,1033,51,649284,2119,0,1090,167431,553,3152,695,17,163,8.93,407,12,73,0,220,94,78,480,0,,,,,,2526.661803,8
2016,April,28,5,150,22,95.29,0,11.88,14.77,107.17,16.22,0,0,65,5,600,0,0,60,65,0,30,487484,899,30,651305,2021,0,1140,167931,500,2920,325,17,164,8.94,408,15,153,20.97,360,114,134,480,0,,,,,,2628.328954,5
2016,April,29,5,151,22,83.89,0,11.75,8.69,95.64,13.88,0,20,62,6,440,0,0,40,62,0,30,488601,1117,30,652977,1672,0,1220,168405,474,2789,530,17,164,8.96,409,11,125,66.16,360,123,167,400,0,,,,,,2468.691795,6
2016,April,30,5,152,22,32.67,0,13.48,7.87,46.15,12.59,0,22,60,4,790,0,60,0,0,120,60,490779,2178,60,654760,1783,0,1140,168967,562,3961,530,17,164,8.97,407,14,131,0,360,122,124,480,0,,,,,,2816.889996,4
2016,May,1,6,153,22,26.77,0,6.93,0,33.7,0,0,0,0,0,0,0,0,0,0,100,50,493358,2579,50,657066,2306,0,1140,169497,530,4885,953,11,97,0.00,270,100,72,0.43,3.68,3.96,3.31,480,0,,,2740,56.6,24,1890,0
2016,May,2,6,154,22,13.21,0,7.52,0,20.73,0,0,0,0,0,0,0,0,60,0,0,30,494678,1320,30,659194,2128,0,1060,170040,543,3448,570,6,59,0.00,300,55,78,0.46,3.41,3.92,3.46,400,0,,,2566.7,0,31,1760,0
2016,May,3,6,155,23,88.6,0,15.95,17.02,104.55,14.98,0,10,68,10,530,0,68,0,0,70,40,496024,1346,40,660828,1634,0,1220,170600,560,2980,340,0,0,0.00,170,141,133,0.27,2.56,3.87,3,400,0,,,2125,0,33,2320,10
2016,May,4,6,156,23,84.98,0,11.87,17.16,96.85,11.6,0,22,63,4,450,0,63,0,0,60,41,497525,1501,41,662638,1810,0,1300,171125,525,3311,655,18,156,0.00,330,137,162,0.37,4.37,4.62,4.85,480,0,,,2025,29.5,26,2560,4
2016,May,5,6,157,23,80.07,8.5,12.88,15.31,101.45,9.63,0,22,86,8,480,0,0,60,86,0,41,498896,1371,41,664504,1866,0,1250,171627,502,3237,718,2,51,0.00,220,133,167,0.57,4.25,3.48,3.57,480,0,,,1520,0,26,2430,8
2016,May,6,6,158,23,78.21,0,12.78,9.12,90.99,10.45,0,0,57,6,630,0,0,96,57,0,48,499665,769,48,666051,1547,0,1220,172247,620,2316,380,6,104,0.00,200,122,152,0.55,2.72,3.1,3.25,480,0,,,1156,0,27,2530,6
2016,May,7,6,159,23,43.28,0,15.93,16.66,59.21,12.37,0,22,64,8,550,0,64,0,0,100,61,500527,862,61,667649,1598,0,1300,172862,615,2460,335,9,123,0.00,300,173,170,0.67,4.18,4.21,4.43,640,0,,,1150,5,27,2790,8
2016,May,8,6,160,23,14.02,0,12.71,8.79,26.73,0,0,0,0,1,0,0,0,0,0,100,50,501892,1365,50,669368,1719,0,1190,173290,428,3084,710,11,97,0.00,250,153,137,0.57,4.03,3.96,3.58,560,0,,,1100,0,22,2000,1
2016,May,9,6,161,23,88.81,0,12.88,17.38,101.69,12.54,0,20,30,8,580,0,30,0,0,80,50,503827,1935,50,671173,1805,0,1220,173787,497,3740,840,12,151,0.00,300,185,147,1.24,4.07,4.32,3.98,560,0,,,900,0,23,2660,8
2016,May,10,6,162,24,88.75,2.78,15.13,8.55,106.66,13.7,0,22,96,19,750,0,96,0,0,80,51,505733,1906,51,672772,1599,0,1220,174288,501,3505,600,15,132,0.00,250,191,157,1.16,3.61,3.54,4.18,560,0,,,555,0,22,2780,19
2016,May,11,6,163,24,82.13,0,8.95,15.82,91.08,14.98,0,0,61,12,580,0,0,100,61,0,50,506958,1225,50,675110,2338,0,1030,174643,355,3563,1080,11,97,0.00,220,208,197,0.92,2.99,3.32,2.93,560,0,,,550,0,8,2390,12
2016,May,12,6,164,24,83.74,0,13.13,17.58,96.87,17.28,0,20,60,7,680,0,0,140,60,0,80,508422,1464,80,677654,2544,0,1300,175161,518,4008,868,2,52,0.00,220,118,91,1.08,3.26,3.61,3.69,400,0,,,420,0,7,2600,7
2016,May,13,6,165,24,84.73,0,11.27,17.23,96,0,0,0,72,5,580,0,72,0,0,180,90,510826,2404,90,681315,3661,0,1300,175661,500,6065,822,13,150,49.74,220,58,99,1.34,3.21,3.63,3.37,320,1.65,,,350,0,14,2420,5
2016,May,14,6,166,24,32.19,0,13.02,16.71,45.21,0,0,22,67,5,570,0,67,0,0,120,71,513301,2475,71,685073,3758,0,1300,176141,480,6233,980,10,120,0.00,200,63.11305965,150.4459916,0,0,,,320,1.7,,,417,0,13,2390,5
2016,May,15,6,167,24,24.42,0,10.63,17.87,35.05,0,22,22,0,0,0,0,0,0,0,110,61,515082,1781,61,688053,2980,0,1270,176590,449,4761,718,10,120,0.00,200,64.83679375,150.2232478,0,0,,,320,1.71,,,375,0,13,1790,0
2016,May,16,6,168,24,78.15,0,10.4,9.19,88.55,0,20,20,44,5,390,0,0,100,44,0,60,516197,1115,60,690634,2581,0,1220,176988,398,3696,653,12,112,0.00,380,66.65225897,149.9868419,0.95,2.77,2.86,2.92,320,1.71,,,275,0,12,2310,5
2016,May,17,6,169,25,84.36,0,8.6,17.47,92.96,0,0,0,64,9,730,0,64,0,0,90,45,517775,1578,45,693000,2366,0,1270,177398,410,3944,570,6,62,0.00,140,246,231,1.13,2.68,2.72,2.64,400,1.72,,,,0,13,2540,9
2016,May,18,6,170,25,89.43,0,14.73,17.56,104.16,10.69,0,15,61,6,600,0,61,0,0,110,60,519450,1675,65,695407,2407,0,1300,177796,398,4082,617,6,62,0.00,60,165,148,0.7,3.37,3.78,3.47,480,1.72,,,,0,11,2440,6
2016,May,19,6,171,25,78.61,0,9.88,16.94,88.49,10.92,0,20,76,14,760,0,0,80,76,0,50,521254,1804,50,697919,2512,0,1270,178305,509,4316,893,9,114,0.00,330,178,175,0.6,4.73,4.07,4.45,480,1.72,,,,0,11,2840,14
2016,May,20,6,172,25,72.52,0,10.27,17.82,82.79,12.04,0,22,60,14,760,0,0,70,60,0,46,524310,3056,46,701106,3187,0,1300,178855,550,6243,783,6,80,0.00,230,170,153,1.27,4.55,4.06,4.32,400,1.72,,,,0,8,2690,14
2016,May,21,6,173,25,39.68,0,11.97,8.77,51.65,10.92,0,0,40,7,550,0,40,0,0,140,70,528464,4154,70,705385,4279,0,1270,179392,537,8433,960,8,103,0.00,330,72.54393038,149.2403807,0.97,3.61,3.55,3.63,400,1.72,,,,0,9,2550,7
2016,May,22,6,174,25,36.09,0,16.46,7.88,52.55,11.27,0,0,0,0,0,0,0,0,0,100,50,532000,3536,50,710600,5215,0,1170,179931,539,8751,1086,0,0,0.00,0,0,0,0,0,,,320,1.71,,,,0,8,1490,0
2016,May,23,6,175,25,85.44,0,14.96,17.8,100.4,10.01,22,22,69,16,630,0,0,120,69,0,71,536535,4535,71,716869,6269,0,1170,180657,726,10804,1105,12,143,0.00,360,161,179,0.86,3.7,3.64,3.82,400,1.7,,,,0,5,2560,16
2016,May,24,6,176,26,90.38,0,11.75,8.55,102.13,8,22,22,131,10,600,0,131,0,0,120,71,540429,3894,71,721997,5128,0,1200,183051,2394,9022,843,18,231,0.00,320,155,141,0.77,3.6,3.85,3.77,400,1.72,,,,0,6,2520,10
2016,May,25,6,177,26,83.63,8.29,15.52,8.76,107.44,7.9,0,22,95,29,730,0,95,0,0,110,71,543728,3299,61,726548,4551,0,1280,185794,2743,7850,462,12,103,0.00,190,145,167,0.76,3.75,3.8,3.84,320,1.73,,,,0,4,2520,29
2016,May,26,6,178,26,83.41,0,6.97,0,90.38,8.35,22,0,53,13,630,0,0,130,53,0,70,546251,2523,60,730528,3980,0,1300,188439,2645,6503,301,15,146,0.00,270,168,173,0.91,3.24,3.11,3.29,400,1.73,,,,0,1,2600,13
2016,May,27,6,179,26,87.08,0,13.04,0,100.12,11.81,50,22,54,12,630,0,0,120,53,0,71,549798,3547,71,734296,3768,0,1300,191060,2621,7315,135,12,132,0.00,270,161,164,1.14,3.41,3.07,3.19,400,1.66,,,,0,0,2600,12
2016,May,28,6,180,26,55.3,0,12.24,0,67.54,13.33,70,22,40,11,550,0,40,0,0,120,71,552480,2682,71,737195,2899,0,1300,193647,2587,5581,89,13,140,0.00,330,133,148,1.06,3.85,3.69,3.77,400,1.65,,,3200,560,0,2580,11
2016,May,29,6,181,26,27.31,0,12.65,0,39.96,0,76,30,0,0,0,0,0,0,0,120,75,554659,2179,75,740755,3560,0,1300,195648,2001,5739,0,15,162,0.00,330,0,0,0,0,,,320,1.65,,,3500,1000,1,1950,0
2016,May,30,6,182,26,88.26,0,17.1,0,105.36,13.53,71,22,68,14,580,0,0,120,68,0,71,556108,1449,71,743621,2866,0,1280,196584,936,4315,313,18,201,33.36,380,169,200,0.93,2.78,2.81,2.96,400,1.68,,,3600,700,2,2640,14
2016,May,31,6,183,27,84.43,0,13.24,0,97.67,8.05,46,22,85,19,670,0,85,0,0,120,71,557500,1392,71,746511,2890,0,1300,196584,0,4282,612,16,185,39.48,380,169,162,0.86,2.88,2.79,2.67,320,1.66,,,3200,500,3,2670,19
2016,June,1,7,184,27,80.6,8.78,0,9.19,89.38,13.02,0,0,56,15,790,0,56,0,0,100,50,558725,1225,50,748813,2302,0,1280,197105,521,3527,936,16,182,0.00,380,188,242,0,0,,,480,1.62,,,3400,600,5,2930,15
2016,June,2,7,185,27,80.7,29.58,0,3.57,110.28,14.57,0,0,62,15,810,0,0,100,62,0,50,560676,1951,50,752269,3456,0,1190,197231,126,5407,1126,5,83,0.00,240,41,91,0.8,3.03,3.29,3.32,400,1.65,,,3600,800,4,2640,15
2016,June,3,7,186,27,86.09,18.59,0,10.94,104.68,11.1,0,0,78,49,810,0,0,100,78,0,50,562899,2223,50,756512,4243,0,1190,197517,286,6466,1030,16,155,31.64,260,74,112,0.77,3.34,3.1,3.36,400,1.65,,,3500,800,3,2660,49
2016,June,4,7,187,27,29.53,10.54,0,13.11,40.07,10.97,22,22,120,63,850,0,142,0,0,100,61,565550,2651,61,760314,3802,0,1220,197517,325,6453,907,12,139,0.00,220,124,140,0.91,3.05,3.09,3.13,400,1.64,,,3300,850,3,2690,63
2016,June,5,7,188,27,27.76,0,0,12.37,27.76,0,54,0,0,0,0,0,0,0,0,120,60,568063,2513,60,763530,3216,0,1020,198184,342,5729,912,12,132,0.00,220,0,0,0,0,,,320,1.59,,,3300,850,0,1560,0
2016,June,6,7,189,27,82.55,9.43,0,10.09,91.98,19.23,52,20,47,52,680,0,47,0,0,160,90,571234,3171,90,766926,3396,0,1060,200038,1854,6567,692,21,236,0.00,430,246,180,0.76,2.98,3.05,3.11,400,1.61,,,3400,950,3,2570,52
2016,June,7,7,190,28,93.76,9.49,0,12.87,103.25,18.47,20,20,73,27,480,0,73,0,0,180,100,573367,2133,100,770402,3476,0,1060,201670,1632,5609,532,26,255,0.00,490,206,179,0.94,3.03,3.07,3.1,400,1.62,,,3800,980,2,2430,27
2016,June,8,7,191,28,79.32,23.52,0,12.93,102.84,13.68,0,20,60,28,480,0,0,160,60,0,90,575269,1902,90,773632,3230,0,1190,203106,1436,5132,662,19,205,21.47,430,180,216,0.91,2.98,3.03,3.11,400,1.61,,,4000,1200,2,2500,28
2016,June,9,7,192,28,37.84,0,0,7.55,37.84,11.44,22,20,70,30,550,0,0,160,70,0,90,576949,1680,90,776645,3013,0,1190,204610,1504,4693,723,24,223,0.00,430,120,103,0.92,2.96,2.99,3.13,400,1.61,,,4500,1500,0,2570,30
2016,June,10,7,193,28,19.7,0,0,9,19.7,0,30,22,0,0,0,0,0,0,0,120,70,578083,1134,70,779008,2363,0,1190,205131,521,3497,754,13,152,0.00,380,129,123,0.81,3.02,3.13,3.2,400,1.59,,,4500,1500,2,1970,0
2016,June,11,7,194,28,15.88,0,0,15.35,15.88,0,40,0,0,0,0,0,0,0,0,100,50,580188,2105,50,780789,1781,0,1190,205638,507,3886,824,10,96,0.00,380,213,230,0.97,3.03,3.07,3.09,400,1.61,,,4500,1500,1,1970,0
2016,June,12,7,195,28,91.5,13.39,0,11.68,104.89,15.06,0,0,61,29,480,0,61,100,0,40,70,582401,2213,70,782741,1952,0,1190,205808,170,4165,890,13,143,0.00,380,171,160,1.11,3.07,3.13,3.24,400,1.61,,,4500,1500,2,2450,29
2016,June,13,7,196,28,97.01,8.04,0,12.52,105.05,15.55,0,0,64,27,480,0,64,120,0,0,60,583392,991,60,784874,2133,0,1190,205997,189,3124,860,6,72,11.17,220,318,237,0.98,3.05,3.09,3.18,480,1.6,,,4500,1500,2,2370,27
2016,June,14,7,197,29,81.78,15.77,0,10.96,97.55,13.57,0,0,83,15,560,0,83,20,0,40,30,584765,1373,30,786863,1989,0,1010,206534,537,3362,732,7,80,0.00,220,263,222,1.09,3.1,3.23,3.21,640,1.61,,,3900,1100,2,2430,15
2016,June,15,7,198,29,95.94,15.88,0,12,111.82,13.13,0,0,73,28,400,0,0,160,73,20,90,587085,2320,90,789741,2878,0,1090,207097,563,5198,1021,12,133,63.57,380,193,211,1.13,3.05,3.17,3.25,640,1.58,,,3700,1000,3,2510,28
2016,June,16,7,199,29,93,15.12,0,12.23,108.12,10.3,22,0,84,27,640,0,0,120,84,20,70,590053,2968,70,793445,3704,0,1090,207542,445,6672,1085,10,110,0.00,220,166,169,0.98,3.07,3.12,3.13,800,1.6,,,3400,900,4,2750,27
2016,June,17,7,200,29,92.53,19.38,0,10.43,111.91,14.06,60,0,104,30,640,0,60,80,104,80,80,593010,2957,80,797762,4317,0,1090,207922,380,7274,1064,15,170,27.62,380,145,141,1.18,3.07,3.24,3.31,640,1.59,,,3000,900,3,2750,30
2016,June,18,7,201,29,33.17,16.28,0,13.86,49.45,10.85,80,0,40,15,480,0,80,80,40,60,70,596300,3290,70,802700,4938,0,1090,208334,412,8228,1068,14,143,0.00,240,114,95,1.09,3.12,3.08,3.21,640,1.61,,,2500,800,3,2450,15
2016,June,19,7,202,29,33.34,15.79,0,11.95,49.13,7.29,0,0,0,0,0,0,0,80,0,40,60,600500,4200,60,807900,5200,0,1010,208727,393,9400,1256,10,105,0.00,220,101,146,0,0,,,480,1.62,,,2400,700,5,1710,0
2016,June,20,7,203,29,92.56,9.43,0,6.88,101.99,16.5,0,0,59,18,480,0,0,20,59,100,60,606340,5840,60,813700,5800,0,1010,209098,371,11640,1381,14,131,0.00,240,161,176,1.09,3.08,3.24,3.11,640,1.61,,,2000,450,5,2370,18
2016,June,21,7,204,30,100.03,8.33,0,12.35,108.36,17.6,0,0,148,28,640,0,0,40,148,120,80,611800,5460,80,820000,6300,0,1010,209495,397,11760,1365,13,153,0.00,380,146,178,1.13,3.21,3.2,3.07,640,1.62,,,1500,100,5,2670,28
2016,June,22,7,205,30,98.09,7.88,0,12.5,105.97,12.96,0,0,71,10,480,0,0,60,71,80,70,616800,5000,70,825300,5300,0,1060,209991,496,10300,1400,13,137,0.00,430,134,146,0,0,,,720,1.64,,,1200,100,5,2690,10
2016,June,23,7,206,30,99.63,18.54,0,12.62,118.17,13.42,0,0,76,9,480,0,0,50,76,90,70,621900,5100,70,831900,6600,0,1280,210502,511,11700,1390,15,155,0.00,380,138,195,0,0,,,800,1.72,,,1000,30,12,2940,9
2016,June,24,7,207,30,104.62,17.91,0,11.11,122.53,14.68,0,0,76,8,480,0,0,30,76,100,60,627600,5700,70,838700,6800,0,1280,210984,482,12500,1400,13,128,28.93,380,134,213,1.08,3.17,3.28,3.33,800,1.73,,,1000,30,12,2940,8
2016,June,25,7,208,30,63.8,16.83,0,8.9,80.63,9.22,0,0,59,10,400,0,0,20,59,140,80,632700,5100,80,844500,5800,0,1280,211457,473,10900,1400,21,209,0.00,430,198,168,0.99,3.2,3.14,3.11,720,1.72,,,1000,30,12,2830,10
2016,June,26,7,209,30,28.14,7.02,0,10.35,35.16,30.3,0,0,0,0,0,0,0,60,0,0,30,637394,4694,30,850514,6014,0,1010,211583,126,10708,1330,6,71,0.00,240,123,167,1.03,3.03,3.35,3.09,800,1.71,,,1000,30,13,2050,0
2016,June,27,7,210,30,101.4,18.27,0,6.55,119.67,22.17,0,0,120,12,480,0,0,0,120,100,50,641318,3924,50,856557,6043,0,1060,211876,293,9967,1330,8,90,0.00,430,128,142,1.03,3.28,3.01,3.13,800,1.72,,,900,30,12,2770,12
2016,June,28,7,211,31,102.6,17.21,0,12.28,119.81,14.74,0,0,87,12,480,0,0,20,87,140,80,646793,5475,80,862078,5521,0,1280,212257,381,10996,1155,15,159,0.00,700,48,99,1.02,3.29,3.06,3.46,800,1.71,,,700,20,13,3260,12
2016,June,29,7,212,31,99.58,15.1,0,16.31,114.68,17.03,0,0,76,11,480,0,0,40,76,170,105,648031,1238,105,868421,6343,0,1220,212822,565,7581,1203,21,224,58.83,730,86,91,0,0,,,800,1.72,,,650,0,12,3230,11
2016,June,30,7,213,31,100.75,15.92,0,14.99,116.67,18.06,0,0,95,13,480,0,150,0,95,200,100,652130,4099,100,874547,6126,0,960,213369,547,10225,1380,33,370,0.00,810,141,141,1.2,4.16,3.82,3.64,880,1.71,,,600,0,13,3130,13
2016,July,1,8,214,31,104.76,16.98,0,12.07,121.74,15.11,0,20,40,9,560,0,50,0,40,140,80,657001,4871,80,880745,6198,0,720,213785,416,11069,1380,16,176,0.00,300,144,140,1.14,2.67,3.14,3.21,720,1.76,,,600,20,13,2300,9
2016,July,2,8,215,31,36.85,13.86,0,13.71,50.71,17.02,0,20,37,9,480,0,50,0,37,100,60,660472,3471,60,885280,4535,0,640,214186,401,8006,1200,11,113,0.00,220,224,124,1.13,3.04,3.26,3.23,720,1.75,,,600,20,13,2060,9
2016,July,3,8,216,31,29.45,14.51,0,14.29,43.96,18.27,0,0,0,0,0,0,0,0,0,40,20,663200,2728,20,889100,3820,0,720,214556,370,6548,1204,6,71,0.00,220,241,283,1.1,3.12,2.99,3.09,800,1.75,,,600,20,14,1740,0
2016,July,4,8,217,31,109.58,15.17,0,13.08,124.75,0,0,0,65,45,710,0,0,0,65,96,50,665485,2285,46,892980,3880,0,720,214915,359,6165,1152,6,68,0.00,460,229,286,1.14,3.05,3.13,2.91,800,1.76,,,700,20,14,2690,45
2016,July,5,8,218,32,105.97,15.22,0,6.75,121.19,23.02,0,0,77,7,760,0,0,0,77,70,35,667599,2114,35,896959,3979,0,640,215233,318,6093,1042,17,126,0.00,380,211,205,1.1,3.11,3.15,3.04,880,1.76,,,700,20,13,2660,7
2016,July,6,8,219,32,93.49,15.82,0,9.23,109.31,21.19,0,0,69,13,640,0,0,0,69,140,70,670357,2758,70,902249,5290,0,800,215807,574,8048,1175,24,185,66.45,330,236,204,1.15,3.08,3.2,3.16,800,1.76,,,700,20,17,2570,13
2016,July,7,8,220,32,104.69,9.26,0,10.94,113.95,15.89,0,0,123,10,640,0,0,0,123,170,85,674340,3983,85,907553,5304,0,800,216081,274,9287,1233,22,168,0.00,460,183,224,1.13,3.12,3.26,3.2,800,1.8,,,700,20,17,2700,10
2016,July,8,8,221,32,100.84,9.77,0,12.65,110.61,16.26,0,40,68,11,560,0,0,0,68,120,60,677966,3626,60,912346,4793,0,800,216591,510,8419,1260,25,254,0.00,460,276,267,1.08,3.1,3.21,3.24,880,1.84,,,700,20,17,2700,11
2016,July,9,8,222,32,45.68,8.02,0,12.15,53.7,7.97,0,0,43,17,850,0,0,0,43,100,50,680685,2719,50,916317,3971,0,720,217047,456,6690,1260,9,103,0.00,220,344,269,1.07,3.08,3.15,3.22,800,1.83,,,700,20,18,2590,17
2016,July,10,8,223,32,36.06,24.25,0,14.48,60.31,0,0,20,0,0,0,0,0,0,0,90,50,683708,3023,40,919824,3507,0,640,217564,517,6530,960,10,108,0.00,250,297,220,1.04,2.83,2.97,3.28,800,1.84,,,700,20,18,1690,0
2016,July,11,8,224,32,104.41,16.29,0,11.23,120.7,22.05,0,0,103,10,560,0,0,0,103,80,40,687428,3720,40,922886,3062,0,720,218231,667,6782,520,19,188,0.00,330,279,214,0,0,,,880,1.84,,,700,20,14,2490,10
2016,July,12,8,225,33,107.95,7.84,0,9.24,115.79,20.74,0,0,116,9,790,0,0,0,116,120,60,692208,4780,60,926790,3904,0,720,218608,307,8684,1060,23,223,0.00,460,213,191,0.99,2.92,3.02,3.35,880,1.83,,,750,50,8,2850,9
2016,July,13,8,226,33,99.67,17.12,0,8.54,116.79,16.75,0,0,124,22,560,0,0,0,124,110,55,696686,4478,55,931889,5099,0,880,219069,461,9577,600,18,180,27.46,460,256,259,1.01,1.23,3.01,3.38,880,1.83,,,750,50,12,2780,22
2016,July,14,8,227,33,104.17,10.27,0,9.11,114.44,19.61,0,0,100,17,760,0,0,0,100,160,80,701091,4405,80,937280,5391,0,800,219476,407,9796,1190,19,136,0.00,410,239,197,0,0,,,960,1.88,,,700,20,16,2930,17
2016,July,15,8,228,33,116.74,18.95,0,10.58,135.69,23.59,0,30,77,7,920,0,0,0,77,120,75,703991,2900,75,941910,4630,0,640,219853,377,7530,1100,24,163,0.00,540,245,184,1.05,1.65,2.61,2.73,1040,1.88,,,700,20,7,3140,7
2016,July,16,8,229,33,58.43,9.63,0,13.85,68.06,14.97,0,20,86,8,580,0,0,0,86,100,50,707063,3072,50,947007,5097,0,720,220347,494,8169,1100,25,120,0.00,490,217,154,0.86,2.03,2.21,2.82,1280,1.85,,,700,20,6,3070,8
2016,July,17,8,230,33,35.67,15.75,0,11.58,51.42,0,0,20,0,3,80,0,0,0,0,80,40,709124,2061,40,950763,3756,0,640,220765,418,5817,1040,21,234,65.21,540,270,158,1.47,3.15,1.05,2.85,1040,1.89,,,700,20,15,2300,3
2016,July,18,8,231,33,108.19,16.8,0,10.27,124.99,23.74,0,0,121,11,880,0,0,0,121,120,60,711160,2036,60,954360,3617,0,640,221045,280,5653,1381,27,284,0.00,480,206,182,0.58,3.03,2.54,2.98,960,1.86,,,700,20,10,2960,11
2016,July,19,8,232,34,105.45,18.38,0,11.94,123.83,25.35,0,0,110,13,640,0,0,0,110,120,60,713458,2298,60,958051,3671,0,640,221425,380,5969,1060,0,0,0.00,350,200,201,1.02,3.11,3.02,3.34,880,1.87,,,700,20,9,2510,13
2016,July,20,8,233,34,106.38,42.62,0,9.23,149,25.64,0,0,156,112,720,0,0,0,156,180,90,716226,2768,90,962449,4398,0,880,221765,340,7166,1190,22,254,0.00,540,184,165,1.03,3.14,3.07,3.31,1040,1.85,,,700,20,12,3180,112
2016,July,21,8,234,34,102.96,0,0,9.02,102.96,22.32,0,0,149,50,640,0,0,0,149,230,115,719116,2890,115,967568,5119,0,720,222016,251,8009,1260,15,313,0.00,460,146,120,0.96,3.03,3.09,3.23,880,1.9,,,700,20,15,2700,50
2016,July,22,8,235,34,103.22,19.73,0,10.61,122.95,16.68,0,0,160,54,480,0,0,0,160,245,120,721868,2752,125,972320,4752,0,720,222285,269,7504,1220,24,269,0.00,510,172,142,1.09,3.07,3.13,3.24,960,1.85,,,800,20,5,2670,54
2016,July,23,8,236,34,50.7,31.62,0,11.75,82.32,19.3,0,40,83,62,640,0,0,0,83,215,105,724571,2703,110,976877,4557,0,720,222623,338,7260,1000,28,379,14.50,620,187,156,1.13,3.16,3.2,3.41,960,1.89,,,800,20,15,2940,62
2016,July,24,8,237,34,30.88,17.66,0,10.21,48.54,0,0,0,0,0,0,0,0,0,0,120,60,725943,1372,60,979297,2420,0,640,222897,274,3792,780,9,105,47.67,220,169,148,1.72,3.32,3.65,3.45,880,1.88,,,700,20,8,1740,0
2016,July,25,8,238,34,99.78,14.61,0,10.37,114.39,22.69,0,0,125,71,720,0,0,0,125,140,70,727111,1168,70,981705,2408,0,720,223181,284,3576,795,20,210,0.00,610,169,168,1.26,3.36,3.55,3.35,880,1.87,,,700,20,6,2930,71
2016,July,26,8,239,35,114.9,15.2,0,8.84,130.1,18.34,0,0,130,32,640,0,0,0,130,190,95,728731,1620,95,984940,3235,0,880,223518,337,4855,960,22,196,0.00,380,144,148,0.91,2.63,2.97,3.11,960,1.76,,,600,20,5,2860,32
2016,July,27,8,240,35,100.97,8.13,0,9.69,109.1,15.7,0,0,132,15,320,0,0,0,132,200,100,730448,1717,100,988462,3522,0,720,225487,1969,5239,300,21,252,0.00,530,149,158,1.08,2.25,2.38,2.46,880,1.86,,,800,20,10,2450,15
2016,July,28,8,241,35,107.17,15.5,0,11.69,122.67,15.25,0,0,141,70,560,0,0,0,141,180,90,732226,1778,90,992072,3610,0,800,227666,2179,5388,150,23,217,0.00,450,131,149,1.29,2.82,2.78,3.04,800,1.93,,,800,20,15,2610,70
2016,July,29,8,242,35,103.09,8.62,0,9.62,111.71,15.36,0,0,143,21,720,0,0,0,143,160,80,734159,1933,80,995992,3920,0,800,229168,1502,5853,630,17,241,0.00,490,127,141,0.8,1.86,2.11,3.18,800,1.94,,,800,20,15,2810,21
2016,July,30,8,243,35,51.87,7.4,0,7.96,59.27,0,0,0,144,10,560,0,0,0,144,100,50,735535,1375,50,998435,2443,0,640,230360,1192,3818,345,7,108,62.67,240,130,199,0.78,1.66,1.78,2.88,960,1.93,,,800,20,3,2400,10
2016,July,31,8,244,35,48.68,18.29,0,11.74,66.97,0,0,0,0,4,240,0,0,0,0,104,52,737066,1531,52,1000919,2484,0,800,230886,525,4015,535,15,231,0.00,620,140,119,0.66,1.06,1.98,3.31,960,1.93,,,800,20,4,2620,4
2016,August,1,9,245,35,103.16,17.02,0,9.08,120.18,7.79,0,0,120,36,640,0,0,0,120,120,60,737763,697,60,1002175,1256,0,720,231041,0,1953,630,10,126,0.00,220,131,101,1.3,2.13,3.25,3.4,880,1.78,,,800,20,0,2460,36
2016,August,2,9,246,36,69.19,14.29,0,3.7,83.48,12.67,0,0,115,15,480,0,0,0,115,150,75,737763,600,75,1002175,1543,0,480,231041,0,2143,0,9,123,0.00,320,189,109,1.52,2.71,2.98,3.43,880,1.78,,,,,,2160,15
2016,August,3,9,247,36,105.05,16.89,0,9.63,121.94,9.16,0,0,69,19,760,0,0,0,69,120,60,737763,634,60,1002175,1766,0,480,231041,0,2400,0,11,156,0.00,350,154,161,0,0,,,880,0,,,,,,2470,19
2016,August,4,9,248,36,106.31,18.18,0,12.11,124.49,12.7,0,0,112,16,560,0,0,0,112,160,80,739288,1525,80,1004144,1969,0,560,231041,0,3494,120,20,139,0.00,480,192,119,1.6,2.69,3.38,3.96,880,1.71,,,800,20,0,2480,16
2016,August,5,9,249,36,103.46,16.53,0,10.35,119.99,12.43,0,0,180,10,640,0,0,0,139,180,90,742077,2734,80,1008151,4007,43,720,231389,348,6741,543,19,306,0.00,320,185,111,0.81,1.46,3.56,3.99,800,1.76,,,800,20,5,2480,53
2016,August,6,9,250,36,38.87,16.22,0,18.36,55.09,14.79,0,0,131,26,560,0,0,0,170,170,85,744929,2907,85,1012498,4346,6,720,231762,373,7253,600,15,162,0.00,660,140,107,1.35,1.91,3.14,3.81,560,1.8,,,800,20,0,2500,32
2016,August,7,9,251,36,47.25,8.66,0,13.67,55.91,0,0,0,0,4,160,0,0,0,0,142,71,746496,1567,71,1015600,3102,5,640,232123,361,4669,270,9,81,0.00,140,57,66,1.35,2.29,3.49,3.6,560,1.87,,,800,20,0,1500,9
2016,August,8,9,252,36,112.16,8.42,0,10.78,120.58,16.32,0,0,127,14,560,0,0,0,127,160,80,747765,1269,80,1018325,2725,5,640,232595,472,3994,0,18,207,0.00,490,120,120,1.21,2.36,3.04,3.17,1200,1.86,,,1000,50,3,2890,19
2016,August,9,9,253,37,102.17,7.97,0,14.26,110.14,13.02,0,0,147,13,640,0,0,0,147,180,90,749166,1401,90,1021041,2716,2,960,232834,239,4117,30,20,207,0.00,510,137,147,0.88,2.65,2.92,3.06,1280,1.78,,,750,20,0,3390,15
2016,August,10,9,254,37,113.36,9.17,0,11,122.53,16.08,0,0,133,17,720,0,0,0,133,220,110,751319,2153,110,1023255,2214,3,720,233397,563,4367,0,15,233,0.00,330,182,162,1.59,2.46,2.7,3.29,640,1.72,,,750,20,0,2410,20
2016,August,11,9,255,37,98.09,19.23,0,10.79,117.32,13.45,0,0,170,10,560,0,0,0,170,270,135,753165,1866,135,1026891,3626,1,880,234374,977,5492,0,30,352,0.00,630,162,160,1.29,2.46,3.12,3.43,480,1.8,,,750,20,0,2550,11
2016,August,12,9,256,37,103.54,18.47,0,9.65,122.01,18.96,0,0,161,19,880,0,0,0,161,290,145,755941,2756,145,1029901,3010,0,640,235417,1043,5766,0,31,350,0.00,580,161,105,1.61,2.64,2.58,5.82,400,1.79,,,750,20,0,2500,19
2016,August,13,9,257,37,47.99,9.88,0,11.36,57.87,13.97,0,0,127,10,560,0,0,0,127,140,70,757444,1503,70,1032674,2773,2,720,236097,680,4276,0,12,156,0.00,280,202,140,2.47,4.19,2.87,2.76,480,1.69,,,900,100,0,2040,12
2016,August,14,9,258,37,50.7,18.39,0,13.32,69.09,0,22,0,0,3,160,0,0,0,0,70,35,758753,1309,35,1034546,1872,1,480,236278,181,3181,60,0,0,0.00,30,211,116,0.26,2.44,1.73,2.64,400,1.67,,,900,100,0,1070,4
2016,August,15,9,259,37,120.63,18.11,0,11.5,138.74,24,0,0,123,12,720,0,0,0,123,200,100,760473,1720,100,1036770,2224,6,800,236454,176,3944,0,25,229,15.70,460,171,181,0.78,1.96,1.95,2.42,480,1.67,,,900,100,0,2460,18
2016,August,16,9,260,38,125.29,25.12,0,5.74,150.41,19.03,0,0,136,10,560,0,0,0,136,180,90,762034,1561,90,1038933,2163,3,1120,236454,0,3724,0,27,323,0.00,590,183,171,0.49,1.96,1.66,1.95,480,1.67,,,800,100,0,2750,13
2016,August,17,9,261,38,122.7,20.41,0,13.5,143.11,19.33,0,0,177,12,800,0,0,0,177,200,100,763858,1824,100,1041563,2630,8,1330,236747,293,4454,800,22,160,32.30,380,159,225,1.29,1.72,1.72,1.2,480,0,,,,,4,2990,20
2016,August,18,9,262,38,134.32,16.63,0,14.6,150.95,17.18,0,0,112,11,480,0,0,0,112,180,90,766045,2187,90,1044541,2978,2,1490,238568,1821,5165,200,26,269,0.00,530,126,216,0.85,1.47,0.92,2,480,0,,,,,0,2980,13
2016,August,19,9,263,38,130.79,25.62,0,10.42,156.41,23.12,0,0,126,18,880,0,0,0,126,170,85,767494,1449,85,1048131,3590,5,1200,240415,1847,5039,145,19,188,0.00,370,153,156,1.17,1.97,2.01,1.49,560,1.78,,,,,1,3010,23
2016,August,20,9,264,38,81.95,8.11,0,7.59,90.06,15.61,0,0,120,15,770,0,0,0,120,230,115,769494,2000,115,1051484,3353,17,1330,242350,1935,5353,120,16,211,0.00,490,162,178,1.28,1.42,1.03,1.61,560,0,,,,,11,3150,32
2016,August,21,9,265,38,56.64,0,0,10.28,56.64,0,0,52,0,2,0,0,0,0,0,120,60,771054,1560,60,1054415,2931,5,1280,243822,1472,4491,240,25,106,77.48,500,130,132,0,0,,,640,0,,,,,0,2420,7
2016,August,22,9,266,38,143.56,23.19,0,15.82,166.75,29.61,10,0,92,17,800,0,0,0,92,340,170,773082,2028,170,1058421,4006,5,1440,246062,2240,6034,0,25,335,0.00,660,122,129,0.51,3.67,1.14,1.09,560,0,,,,,0,3460,22
2016,August,23,9,267,39,150.61,0,0,14.95,150.61,21.26,70,0,131,18,560,0,0,0,131,320,16,776200,3118,160,1063088,4667,5,1410,249152,3090,7785,0,27,349,0.00,720,111,135,0.6,2.24,1.39,1.05,560,0,,,,,0,3250,23
2016,August,24,9,268,39,142.94,15.7,0,15.17,158.64,20.14,55,66,130,15,720,0,0,0,130,356,178,779216,3016,178,1067924,4836,6,1140,251525,2373,7852,472,35,390,32.50,770,151,144,0.93,3.88,2.74,1.83,1040,0,,,,,0,3670,21
2016,August,25,9,269,39,129.91,18.68,0,14.63,148.59,19.05,0,0,161,26,800,0,0,0,161,250,125,782170,2954,125,1071883,3959,6,1490,252656,1131,6913,489,19,265,0.00,410,177,172,0.72,2.67,1.84,1.36,1280,0,,,,,2,3980,32
2016,August,26,9,270,39,126.06,15.7,0,15,141.76,18.44,103,0,130,26,720,0,0,0,130,390,195,786026,3856,195,1075783,3900,8,1330,252699,43,7756,804,25,358,27.91,700,177,157,1.21,3.12,1.79,1.25,1280,0,,,,,0,4030,34
2016,August,27,9,271,39,97.41,7.17,0,12.62,104.58,13.64,22,0,166,77,640,0,0,0,166,160,80,787860,1834,80,1078380,2597,8,1280,252963,264,4431,120,13,171,0.00,380,175,167,1.17,3.03,1.88,1.52,1280,0,,,,,0,3580,85
2016,August,28,9,272,39,58.25,17.17,0,5.88,75.42,0,66,30,0,88,0,0,0,0,0,90,45,789391,1531,45,1080981,2601,7,1280,253421,458,4132,618,11,231,0.00,670,180,172,0.58,2.39,1.66,1.96,1280,0,,,,,0,3230,95
2016,August,29,9,273,39,133.48,16.76,0,12.76,150.24,27.35,0,0,146,37,1040,0,0,0,146,270,135,791956,2563,135,1084479,3498,8,1330,254001,580,6061,960,12,221,18.18,440,181,163,0.61,2.81,1.15,1.08,1120,0,,,,,0,3930,45
2016,August,30,9,274,40,123.2,16.5,0,13.87,139.7,18.55,0,33,140,16,770,0,0,0,173,340,170,794000,2044,170,1088130,3651,6,1200,254242,241,5695,1020,27,378,0.00,610,171,191,0.69,2.76,1.21,1.38,880,0,,,,,0,3460,22
2016,August,31,9,275,40,123.22,18.58,0,11.04,141.8,0,0,0,136,11,1050,0,0,0,136,190,95,796239,2239,95,1091401,3271,13,190,254457,215,5510,866,11,354,0.00,460,156,108,0.76,2.53,1.09,1.66,1040,0,,,,,0,2740,24
2016,September,1,10,276,40,136.03,14.9,0,9.97,150.93,42.75,0,0,122,9,1000,0,0,0,122,160,80,797557,1318,80,1093754,2353,5,1010,254726,269,3671,625,11,177,10.11,540,177,146,0.79,2.2,1.71,1.35,960,0,,,,,0,3510,14
2016,September,2,10,277,40,136.72,34.23,0,13.22,170.95,16.87,0,0,103,11,1130,0,0,0,103,140,70,799107,1550,70,1095927,2173,5,1040,254959,233,3723,862,15,211,0.00,540,168,132,1.04,2.11,1.49,1.98,1040,0,,,,,0,3750,16
2016,September,3,10,278,40,88.63,15.1,0,16.06,103.73,21.31,0,66,155,12,1190,0,0,0,155,170,85,801341,2234,85,1099058,3131,6,1170,255200,241,5365,968,17,192,0.00,540,149,144,0.86,2.34,1.68,1.87,960,0,,,,,0,3860,18
2016,September,4,10,279,40,66.38,15.31,0,14.21,81.69,0,0,34,0,0,0,0,0,0,0,234,127,804464,3123,127,1104525,5467,18,1090,255485,285,8590,1268,22,287,18.07,540,0,0,1.05,2.31,1.93,2.68,480,0,,,,,0,2110,18
2016,September,5,10,280,40,131.46,7.63,0,6.74,139.09,31.9,0,24,125,14,1660,0,0,0,125,264,132,808764,4303,132,1109629,5304,4,1170,255816,331,9607,1166,19,259,0.00,650,215,130,1.48,1.56,1.67,3.25,880,0,,,,,0,4360,18
2016,September,6,10,281,41,142.34,6.85,0,11.42,149.19,26.99,0,0,134,15,1500,0,0,0,134,260,130,812738,3974,130,1113447,3818,13,1280,256070,254,7792,717,17,194,0.00,460,212,151,1.48,2.08,2.15,3.37,1040,3.98,,,2300,1026,8,4280,28
2016,September,7,10,282,41,138.71,18.69,0,12.01,157.4,22.04,0,26,115,10,1240,0,0,0,115,150,75,818505,5767,75,1118678,5231,19,1170,256400,330,10998,1270,15,250,0.00,540,171,136,0.74,2.61,2.2,3.4,960,4.11,,,2650,980,9,3910,29
2016,September,8,10,283,41,132.38,9.12,0,15.7,141.5,3.71,0,22,98,11,1050,0,0,0,98,80,40,821630,3125,40,1122292,3614,5,1250,256811,441,6739,1030,9,84,14.99,330,198,169,0.96,2.9,1.9,2.15,880,2.68,,,2350,680,0,3510,16
2016,September,9,10,284,41,147.65,29.87,0,10.8,177.52,0,0,34,104,13,1280,0,0,0,104,104,52,825006,3376,52,1126621,4329,12,1280,257133,322,7705,1137,9,166,0.00,380,220,173,1.22,1.82,1.43,1.93,960,2.53,,,2600,458,0,3900,25
2016,September,10,10,285,41,78.85,14.21,0,12,93.06,0,0,0,80,11,1220,0,0,0,80,160,80,828750,3744,80,1130189,3668,75,1170,257483,350,7412,1160,14,183,0.00,460,214,165,0.99,2.04,1.39,1.42,1040,2.56,,,2250,436,0,3890,86
2016,September,11,10,286,41,82,22.47,0,15.18,104.47,0,0,22,0,0,0,0,0,0,0,162,81,829901,1151,81,1131915,1626,11,960,257651,168,2777,410,8,104,0.00,300,219,178,1.19,3.4,1.75,1.64,880,2.53,,,2300,316,0,2140,11
2016,September,12,10,287,41,144.02,39.13,0,11.38,183.15,0,0,0,131,27,1750,0,0,0,131,170,85,832216,2315,85,1135283,3368,17,1010,285014,363,5683,809,16,153,0.00,570,203,158,0.81,2.12,1.54,2.29,960,2.61,,,2600,355,6,4290,44
2016,September,13,10,288,42,153.22,33.48,0,13.61,186.7,16.67,0,0,80,16,1190,0,0,0,80,130,65,835913,3697,65,1140119,4836,5,1040,258320,306,8533,1066,11,176,34.31,380,182,137,0.49,3.19,2.21,1.67,880,2.52,,,2550,318,7,3490,21
2016,September,14,10,289,42,137.33,35.22,0,11.35,172.55,37.25,0,0,93,19,900,0,0,0,93,120,60,838366,2453,60,1144074,3955,8,1040,258614,294,6408,800,5,32,0.00,220,157,83,0.46,2.24,2.04,1.58,880,3.32,,,,592,1,3040,27
2016,September,15,10,290,42,73.97,9.16,0,7.77,83.13,0,0,44,0,2,0,0,0,0,0,74,37,838951,585,37,1144206,132,3,880,258891,277,717,0,10,82,0.00,380,180,140,0.51,2.08,1.22,1.2,800,2.84,,,,496,0,2060,5
2016,September,16,10,291,42,80.05,7.84,0,13.94,87.89,34.37,0,0,107,15,1830,0,0,0,107,80,40,839419,468,40,1144955,749,10,930,259171,280,1217,0,8,102,0.00,220,174,92,0.77,2.5,1.91,1.75,800,2.86,,,,401,0,3780,25
2016,September,17,10,292,42,68.95,0,0,9.65,68.95,3.58,0,0,0,10,0,0,0,0,0,110,55,839419,0,55,1145748,793,9,880,259400,229,793,0,5,81,16.48,300,166,134,0.31,1.3,1.53,3.66,960,0,,,,,4,2140,19
2016,September,18,10,293,42,140.58,8.5,0,15.57,149.08,29.25,0,0,101,17,680,0,0,0,101,100,50,839959,540,50,1147157,1417,21,1090,259756,356,1957,0,11,118,0.00,300,93,56,0.49,0.73,0.47,0.77,880,2.67,,,,127,1,2950,38
2016,September,19,10,294,42,129.01,25.39,0,14.14,154.4,31.09,15,0,70,16,920,0,0,0,70,130,65,839997,38,65,1148138,981,24,1010,260050,294,1019,0,11,146,0.00,380,195,83,0.23,0.51,0.74,1.47,1280,2.63,,,,450,1,3590,40
2016,September,20,10,295,43,146.17,15.62,0,15.18,161.79,27.91,0,22,71,8,1080,0,0,0,71,180,101,841650,1653,101,1149766,1628,14,1120,260104,351,3281,0,11,172,0.00,410,193,96,0.27,0.37,0.45,0.66,1360,2.59,,,,512,0,3970,22
2016,September,21,10,296,43,132.47,15.48,0,15.33,147.95,25.01,0,0,65,5,840,0,0,0,65,180,90,842851,1201,90,1150459,693,14,1090,260635,234,1894,0,15,210,17.02,380,193,97,0.3,0.38,0.5,0.53,1440,2.57,,,,292,0,3750,19
2016,September,22,10,297,43,143.46,28.15,0,11.37,171.61,37.03,0,22,55,15,1070,0,0,0,55,110,66,845741,2890,66,1153589,3130,7,1090,261015,380,6020,860,15,234,0.00,540,173,130,0.22,0.43,0.45,0.8,1280,2.51,,,,460,0,3980,22
2016,September,23,10,298,43,128.54,40.26,0,5.53,168.8,34.31,0,0,81,11,1090,0,0,0,81,130,65,849141,2400,65,1157274,3685,8,1110,261227,212,6085,1030,15,138,0.00,380,198,112,0.18,0.31,0.78,1.22,1280,2.5,,,,400,0,3860,19
2016,September,24,10,299,43,102.21,38.6,0,17.06,140.81,24.99,0,22,105,21,1280,0,0,0,105,180,90,854116,4975,90,1162702,5428,8,1090,262105,878,10403,1165,14,212,0.00,430,193,106,0.65,0.79,0.7,1.38,1120,2.5,,,,,0,3920,29
2016,September,25,10,300,43,73.48,16.03,0,15.27,89.51,0,0,44,0,0,0,0,0,0,0,100,50,858216,4145,50,1167753,5051,11,1070,263036,931,9196,1225,10,124,17.91,350,186,135,1.95,3.14,3.33,3.48,800,2.5,,,,300,0,2220,11
2016,September,26,10,301,43,136.26,32.4,0,13.4,168.66,36.24,0,0,132,36,1040,0,0,0,132,150,75,862989,4728,75,1173532,5779,9,1130,264077,1041,10507,1290,18,273,17.67,620,108,38,2.32,2.4,3.24,2.35,720,2.5,,,,307,0,3510,45
2016,September,27,10,302,44,148.62,49.46,0,15.05,198.08,31.41,0,0,101,46,2240,0,0,0,101,110,55,867848,4859,55,1178349,4817,11,1130,264693,622,9676,646,16,139,14.94,310,194,90,2.72,3.16,2.53,2.77,960,2.5,,,,224,0,4640,57
2016,September,28,10,303,44,157.22,31.9,0,13.12,189.12,29.08,0,0,162,26,1280,0,0,0,162,230,155,873348,5100,75,1182349,4000,8,730,265028,335,9100,1198,20,249,11.39,460,193,82,1.44,3.31,3.19,2.08,960,2.5,,,,400,0,3430,34
2016,September,29,10,304,44,131.83,61.28,0,9.08,193.11,2.6,0,0,154,7,1010,0,0,0,154,170,110,880000,6652,60,1186660,4311,17,970,265248,220,10963,1350,21,0,0.00,700,205,94,1.7,3,2.83,2.79,1120,2.5,,,,460,0,3800,24
2016,September,30,10,305,44,125.45,8.84,0,9.5,134.29,0,0,24,100,6,1360,0,0,0,100,170,90,886104,6105,80,1191728,5068,14,1040,265491,243,11173,1263,26,280,19.59,670,235,133,0.61,0.89,0.63,0.82,960,2.48,,,,450,1,4030,20
2016,October,1,11,306,44,48.21,17,0,6.13,65.21,26.32,0,0,86,7,640,0,0,0,86,130,70,889883,3779,60,1195361,3633,11,1010,265807,316,7412,890,15,188,0.00,410,279,174,0.68,0.98,0.59,0.77,1040,2.41,,,,460,0,3100,18
2016,October,2,11,307,44,64.62,18.29,0,14.67,82.91,0,0,44,0,0,0,0,0,0,0,90,67,892338,2455,67,1198269,2908,6,930,266063,256,5363,520,0,0,0.00,270,270,196,0.55,0.53,0.66,0.56,960,2.48,,,,365,0,2160,6
2016,October,3,11,308,44,68.46,7.73,0,10.59,76.19,23.2,0,0,0,5,0,0,0,0,0,120,60,894530,2192,60,1201680,3411,7,1220,266322,259,5603,1360,13,125,0.00,220,273,160,0.51,0.6,0.51,0.57,880,2.41,,,,328,0,2320,12
2016,October,4,11,309,45,49.89,16.6,0,8.73,66.49,0,0,22,0,0,0,0,0,0,0,112,56,896330,2200,56,1204980,3300,0,930,266541,219,5500,1081,13,158,17.29,380,159,173,0.47,0.43,0.61,0.75,880,2.43,,,,350,0,2190,0
2016,October,5,11,310,45,54.15,48.19,0,12.03,102.34,27.16,0,0,81,73,1120,0,0,0,81,210,105,898330,2000,105,1207600,3620,6,1090,266901,360,5620,888,15,131,0.00,380,266,87,0.33,0.41,0.49,0.99,960,2.44,,,,360,0,3550,79
2016,October,6,11,311,45,50.48,63.76,0,11.72,114.24,22.05,0,0,133,11,1440,0,0,0,133,170,85,899928,1598,85,1210203,2603,5,1170,267235,334,4201,920,16,271,0.00,460,253,779,0.21,0.27,0.38,0.57,1280,2.36,,,450,351,0,4350,16
2016,October,7,11,312,45,70.23,44.02,0,11.39,114.25,20.78,0,22,62,10,960,0,0,0,62,160,80,901557,1629,80,1213001,2798,13,930,267607,372,4427,750,15,190,0.00,570,189,74,0.57,0.68,0.6,0.51,1280,2.36,,,450,371,1,3740,23
2016,October,8,11,313,45,119.38,14.97,0,12.81,134.35,16.69,0,0,157,0,1040,0,0,0,157,220,110,903504,1947,110,1215697,2696,5,1060,267882,275,4643,392,15,188,0.00,380,248,66,0.44,0.75,0.72,0.68,1600,2.33,,,450,585,0,4080,5
2016,October,9,11,314,45,118.56,24.51,0,14.97,143.07,26.75,0,22,70,6,960,0,0,0,70,220,121,906090,2586,121,1218280,2583,12,1010,268133,251,5169,1182,26,269,14.40,270,221,70,0.24,0.4,0.51,0.74,1520,2.3,,,450,800,0,3760,18
2016,October,10,11,315,45,118.54,38.01,0,13.54,156.55,26.83,0,22,152,14,1200,0,0,0,152,260,141,909845,3755,141,1222656,4376,3,1060,269078,845,8131,620,26,313,0.00,540,280,87,0.27,0.33,0.49,0.5,1600,2.32,,,450,700,0,4400,17
2016,October,11,11,316,46,124.7,46.79,0,14.69,171.49,23.86,0,0,116,15,1440,0,0,0,116,185,110,915195,5350,75,1226617,3961,18,1010,269768,690,9311,1198,25,296,16.60,640,273,56,0.29,0.42,0.52,0.51,1600,2.34,,,450,30,0,4690,33
2016,October,12,11,317,46,116.06,56.11,0,13.03,172.17,30.81,0,0,118,19,1520,0,0,0,118,250,125,920149,4954,125,1230640,4023,23,1220,270093,325,8977,1262,22,320,0.00,420,355,78,0.19,0.23,0.43,0.56,1440,2.39,,,450,0,1,4600,42
2016,October,13,11,318,46,132.64,66.6,0,12.97,199.24,25.46,0,66,122,18,1650,0,0,0,122,240,120,925709,5560,120,1236236,5596,3,1140,270484,391,11156,1315,31,408,0.00,810,301,70,0.38,0.5,0.38,0.41,1440,2.43,,,,1024,0,5040,21
2016,October,14,11,319,46,121.6,67.29,0,16.78,188.89,20.32,0,22,114,11,1120,0,0,0,114,70,70,928192,2483,35,1239506,3270,13,1220,270991,507,5753,1120,16,229,15.50,570,337,80,0.27,0.28,0.39,0.58,1680,2.45,,,550,92,0,4590,24
2016,October,15,11,320,46,61.54,67.35,0,13.6,128.89,37.95,0,0,80,19,1360,0,0,0,80,145,45,930167,1975,100,1243062,3556,16,880,271238,247,5531,1260,17,111,35.48,300,321,69,0.39,0.5,0.57,0.77,1520,2.53,,,600,68,0,4060,35
2016,October,16,11,321,46,61.24,0,0,12.86,61.24,0,22,44,0,0,0,0,0,0,0,20,43,931767,1600,43,1245762,2700,16,960,271502,262,4300,1000,12,110,0.00,330,210,130,0.35,0.62,0.81,0.84,1440,2.55,,,600,60,0,2730,16
2016,October,17,11,322,46,134.33,59.63,0,12.85,193.96,30.61,0,0,94,10,1600,0,94,80,0,170,125,935064,3297,125,1249520,3758,12,1060,271767,265,7055,1098,22,244,0.00,640,277,91,0.21,0.31,0.37,1,1520,2.55,,,,50,0,4820,22
2016,October,18,11,323,47,149.99,58.8,0,10.76,208.79,34.01,0,30,136,8,1600,0,136,18,0,0,90,938826,3767,90,1253821,4301,6,1060,272338,571,8068,1180,30,404,29.27,600,266,68,0.18,0.25,0.38,0.67,1520,2.62,,,,,0,4780,14
2016,October,19,11,324,47,128.84,59.9,0,10.21,188.74,19.01,0,0,138,9,1680,0,138,270,0,0,135,943871,5045,135,1258230,4409,7,1060,274166,1828,9454,1020,36,283,31.42,560,442,159,0.22,0.25,0.3,0.44,1200,2.72,,,,,0,4500,16
2016,October,20,11,325,47,145.16,44.54,0,15.52,189.7,42.43,0,0,187,9,1440,0,187,160,0,140,150,944805,934,150,1259347,1117,6,980,0,0,2051,0,24,266,34.41,410,659,159,0.25,0.47,0.48,0.38,1040,2.76,,,,,0,3870,15
2016,October,21,11,326,47,60.63,8.63,0,7.65,69.26,15.87,0,0,76,9,720,0,76,140,0,90,115,944805,0,115,1259347,0,2,660,0,0,0,0,11,427,0.00,800,704,234,0.67,0.45,0.53,0.75,960,2.76,,,,,0,3140,11
2016,October,22,11,327,47,80.76,22.82,0,1.79,103.58,14.52,20,22,89,10,1120,0,89,110,22,40,86,947585,2780,86,1261977,2630,9,1060,275593,1427,5410,720,27,330,0.00,570,659,202,0.69,0.4,0.45,0.8,800,3.18,,,,1024,8,3550,19
2016,October,23,11,328,47,89.12,16.5,0,13.46,105.62,0,33,22,0,4,320,0,0,100,33,50,92,950412,2827,92,1265329,3352,12,1060,277255,1662,6179,200,23,236,0.00,480,626,339,0.59,1.53,1.52,1.63,880,3.7,,,,300,0,2740,16
2016,October,24,11,329,47,151.26,58.42,0,12.57,209.68,37.09,0,22,126,12,1520,0,126,240,0,0,120,954421,4009,120,1269326,3997,-1,1010,279433,2178,8006,585,27,308,10.73,510,547,161,0.33,1.12,1.43,1.55,800,3.06,,,,1024,0,3840,11
2016,October,25,11,330,48,151.64,58.28,0,13.02,209.92,35.79,71,22,156,14,2000,0,156,280,71,0,140,959155,4734,140,1274045,4719,1,1270,281543,2110,9453,795,30,373,14.48,830,517,26,0.82,1.23,1.37,1.35,880,4.23,,,,1024,0,4980,15
2016,October,26,11,331,48,135.39,44.22,0,13.11,179.61,30.06,0,22,145,9,1360,0,145,230,0,80,155,963962,4807,155,1278692,4647,1,1140,283671,2128,9454,300,33,359,0.00,570,620,0,0.76,4.92,1.26,1.35,1040,6.88,,,,194,0,4110,10
2016,October,27,11,332,48,142.87,52.53,0,13.57,195.4,35.18,0,22,190,11,1280,0,190,280,0,0,140,967994,3032,140,1283002,4310,6,1140,284765,1094,7342,1160,37,374,15.15,570,458,0,1.44,1.74,1.94,1.9,1200,5.65,,,800,1024,3,4190,17
2016,October,28,11,333,48,143.6,7.83,0,15.92,151.43,21.72,44,0,119,9,880,0,119,184,0,0,92,971533,3539,92,1287100,4098,7,1140,285918,1153,7637,980,27,277,47.30,700,381,0,0.97,1.19,1.24,1.4,1120,4.3,,,,700,0,3840,16
2016,October,29,11,334,48,104.79,28.65,0,11.94,133.44,23.79,0,0,174,6,880,0,174,200,0,0,100,974849,3316,100,1290779,3679,2,1060,287062,1144,6995,988,26,233,51.41,410,762,0,0.99,1.3,1.47,1.58,1014,3.23,,,,500,0,3364,8
2016,October,30,11,335,48,75.6,16.61,0,15.3,92.21,0,0,44,0,0,0,0,0,120,0,0,60,977548,2699,60,1294029,3250,5,1060,288022,960,5949,660,16,160,0.00,380,369,0,0.87,2.06,1.62,1.56,880,3.06,,,,350,0,2320,5
2016,October,31,11,336,48,128.76,32.64,0,11.11,161.4,0,0,0,128,14,1350,0,128,240,0,0,120,980919,3371,120,1297920,3025,6,1140,289242,1220,6396,730,28,302,17.12,490,573,258,2.43,1.38,1.34,1.92,1040,3.33,,,,360,1,4020,20
2016,November,1,12,337,49,150.57,40.94,0,4.69,191.51,48.24,0,22,55,3,1800,0,55,180,0,0,90,985553,4634,90,1302557,4637,1,1220,289922,680,9271,1100,16,126,0.00,560,482,177,1.76,1.27,1.58,1.92,1040,3.28,,,600,485,0,4620,4
2016,November,2,12,338,49,150,24.09,0,11.34,174.09,32.71,0,22,110,5,840,0,110,140,0,0,70,990286,4733,70,1306465,3908,6,1220,291674,1752,8641,800,17,248,16.66,800,319,116,0.67,1.48,1.07,1.44,960,3.34,,,600,812,0,3820,11
2016,November,3,12,339,49,152.38,14.7,0,11.35,167.08,18.97,0,22,130,5,1210,0,130,120,0,40,80,994332,4046,80,1310700,4235,10,1220,293924,2250,8281,700,21,297,0.00,670,432,117,0.47,1.46,1.91,1.79,960,3.54,,,600,213,3,4060,15
2016,November,4,12,340,49,143.33,16.25,0,12.82,159.58,14.49,0,44,171,6,1280,0,171,100,0,0,50,999118,4786,50,1315786,5086,4,1140,296170,2246,9872,780,24,319,17.22,590,489,158,0.55,1.3,1.2,1.57,880,3.55,,,600,398,2,3890,10
2016,November,5,12,341,49,102.2,46.13,0,15.83,148.33,27.85,0,44,104,10,1200,0,104,160,0,0,80,1003888,4770,80,1320700,4914,9,1220,298242,2072,9684,855,23,302,35.00,620,469,146,2.22,2.92,2.87,2.29,1040,4.88,,,,228,0,4080,19
2016,November,6,12,342,49,66.35,17.52,0,14.51,83.87,0,0,0,0,7,1360,0,0,160,0,0,80,1007636,3748,80,1324506,3230,-4,1140,300590,2348,6978,323,20,202,17.41,420,521,146,1.47,2.49,2.72,2.71,1040,6.7,,,,237,0,3960,3
2016,November,7,12,343,49,118.87,32.66,0,13.36,151.53,28.49,0,22,271,14,1440,0,271,220,0,0,110,1012916,5280,110,1328817,4311,5,1140,303167,2577,9591,180,26,345,16.84,750,414,0,1.01,2.52,1.42,1.67,1040,4.24,,,,515,1,4370,19
2016,November,8,12,344,50,157.53,28.42,0,13.1,185.95,37.81,0,22,147,8,1680,0,147,200,0,0,100,1017171,4255,100,1332874,4057,6,1220,304914,1747,8312,705,24,304,0.00,580,406,100,0.83,1.65,1.37,1.52,960,3.48,,,,680,0,4440,14
2016,November,9,12,345,50,154.2,17.76,0,8.61,171.96,24.28,0,44,188,4,1440,0,188,180,0,0,90,1021816,4645,90,1336556,3682,7,1190,307014,2100,8327,350,21,327,0.00,530,339,82,0.57,1.12,1.46,1.38,880,3.2,,,,163,0,4040,11
2016,November,10,12,346,50,167.53,17.21,0,14.08,184.74,24.42,0,44,137,6,1440,0,137,140,0,0,70,1026536,4720,70,1339932,3376,2,1220,309606,2592,8096,297,21,237,28.39,610,419,33,0.37,0.45,0.5,0.73,880,3.02,,,,207,0,4150,8
2016,November,11,12,347,50,176.71,19.47,0,16.72,196.18,23.51,0,44,148,6,1680,0,148,140,0,0,70,1031039,4503,70,1343425,3493,8,1220,312377,2171,7996,140,33,305,0.00,670,438,0,0.48,0.41,0.78,1.25,1120,2.92,,,2000,213,1,4690,14
2016,November,12,12,348,50,108.75,18.16,0,17.19,126.91,18.7,0,44,194,8,1340,0,194,140,0,0,70,1034814,3775,70,1347012,3587,7,1220,315141,2764,7362,0,26,250,55.81,480,352,0,0.42,0.57,0.67,1.05,960,2.79,,,1600,208,0,4000,15
2016,November,13,12,349,50,112.35,17.36,0,15.16,129.71,0,77,0,0,0,320,0,0,90,0,0,35,1038616,3802,55,1350704,3692,15,1220,317621,2480,7494,0,30,239,0.00,1010,280,0,0.55,0.53,0.75,1.33,1040,2.79,,,1600,247,0,3590,15
2016,November,14,12,350,50,146.53,17.86,0,12.93,164.39,33.24,0,0,183,10,1680,0,183,200,0,0,100,1042556,3940,100,1354780,3555,8,1250,320480,2859,7495,14,29,244,0.00,1010,276,0,0.36,0.55,0.74,0.81,960,2.74,,,2000,224,0,4900,18
2016,November,15,12,351,51,200.61,17.32,0,12.6,217.93,26.05,66,0,185,6,2130,0,185,170,0,0,85,1046094,3538,85,1358613,3592,6,1220,322313,1833,7130,226,19,246,35.63,660,234,0,0.49,0.64,0.72,0.75,800,2.68,,,2000,212,1,4810,12
2016,November,16,12,352,51,179.18,17.22,0,16.89,196.4,23.07,0,0,202,6,1440,0,202,240,0,0,120,1051014,4920,120,1363528,4915,9,1270,326750,2437,9835,380,33,300,0.00,820,312,0,0.31,0.72,0.91,0.93,880,2.62,,,1700,246,0,4410,15
2016,November,17,12,353,51,176.14,23.12,0,7.6,199.26,25.53,0,0,137,7,1360,0,137,160,0,0,80,1055091,4077,80,1367813,4285,5,1140,326202,1452,8362,300,29,300,15.23,600,577,0,0.36,0.41,0.88,0.94,1120,2.6,,,1100,218,0,4220,12
2016,November,18,12,354,51,177.65,0,0,16.27,177.65,19.67,0,0,180,8,1600,0,180,130,0,0,65,1058061,2970,65,1371220,3407,8,1140,327396,1194,6377,425,13,114,0.00,330,147,0,0.31,0.36,0.53,1.12,880,2.55,,,1500,222,0,3950,16
2016,November,19,12,355,51,147.55,9.65,0,12.86,157.2,16.02,44,0,85,9,800,0,85,130,0,0,65,1061430,3369,65,1374585,3365,4,1190,328050,654,6734,545,14,127,48.86,570,86,0,0.35,0.81,1.02,0.98,720,2.52,,,1700,185,0,3280,13
2016,November,20,12,356,51,136.97,0,0,15.66,136.97,0,0,0,0,0,240,0,0,40,0,0,20,1063570,2080,20,1376803,3724,13,930,328487,437,5804,502,9,0,0.00,380,184,0,0.7,0.57,0.6,0.64,640,2.47,,,1700,176,0,2190,13
2016,November,21,12,357,51,186.01,9.02,0,12.22,195.03,26.84,0,0,195,10,144,0,195,60,0,0,30,1065357,1797,30,1378457,1634,13,960,328999,512,3431,300,10,844,15.89,330,119,0,0.15,0.18,0.28,0.76,560,2.47,,,1700,100,0,1994,23
2016,November,22,12,358,52,188.74,26.23,0,9.53,214.97,22.86,0,0,158,14,1520,0,158,180,0,0,90,1068736,3013,90,1381450,3793,4,1010,329464,465,6806,600,26,990,0.00,490,130,0,0.21,0.27,0.51,0.68,640,2.45,,,400,120,0,3660,18
2016,November,23,12,359,52,197.19,58.96,0,12.51,256.15,32.18,0,0,162,11,1680,0,162,310,0,0,155,1073813,5077,155,1385203,3753,11,1140,330129,665,8830,1105,29,266,0.00,570,253,192,0.25,0.21,0.5,0.68,800,2.56,,,1700,100,7,4190,22
2016,November,24,12,360,52,151.08,8.48,0,12.65,159.56,25.3,44,0,162,15,1600,0,162,160,0,0,80,1078393,4580,80,1388883,3680,9,1350,332266,2137,8260,270,34,380,19.95,590,296,179,0.56,0.75,0.85,0.67,960,2.5,,,1800,132,0,4500,24
2016,November,25,12,361,52,161.086,37.45,0,8.75,198.536,33.16,0,0,173,22,2080,0,173,160,0,0,80,1082694,4301,80,1392318,3435,7,1380,334654,2388,7736,60,22,275,0.00,420,347,0,0.36,0.56,0.55,0.76,560,2.47,,,1500,83,0,4440,29
2016,November,26,12,362,52,106.02,61.2,0,11.39,167.22,29.28,0,0,166,11,1760,0,166,200,0,0,100,1087286,4592,100,1395884,3566,7,1430,336777,2133,8158,250,23,316,18.83,590,354,30,0.55,0.5,0.47,0.72,960,2.4,,,1700,96,0,4740,18
2016,November,27,12,363,52,88.04,24.6,0,14.99,112.64,0,44,0,0,0,160,0,0,140,0,0,70,1091190,3902,70,1399056,3172,5,1220,339077,2300,7074,530,20,271,0.00,640,290,68,0.51,0.44,0.43,0.45,800,2.47,,,1500,80,0,2820,5
2016,November,28,12,364,52,153.95,17.23,0,11.75,171.18,43.63,0,0,265,5,2880,0,265,210,0,0,105,1095189,3999,105,1402703,3647,7,1220,340950,1873,7646,600,26,334,31.28,1000,466,16,0.22,0.25,0.29,0.33,960,2.43,,,1600,20,0,6060,12
2016,November,29,12,365,53,143.85,34.85,0,14.88,178.7,0,44,0,152,22,2450,0,152,170,0,0,85,1099467,4278,85,1405914,3211,9,1220,343180,2230,7489,310,35,244,32.35,3100,269,9,0.58,0.52,0.33,0.42,880,2.31,,,1800,0,1,7650,31
2016,November,30,12,366,53,150.72,24.89,0,16.18,175.61,0,22,0,275,26,1960,0,275,300,0,0,150,1103897,4430,150,1409888,3974,11,1270,345598,2418,8404,220,35,312,15.61,580,265,24,0.27,0.32,0.34,0.39,960,2.29,,,2100,0,0,4770,37
2016,December,1,13,367,53,140.61,16.37,0,13.64,156.98,20.43,44,0,154,3,1290,0,154,180,0,30,105,1108168,4271,105,1413708,3820,13,1330,347946,2348,8091,575,23,242,34.67,1370,373,16,0.36,0.41,0.43,0.4,960,2.31,,,2200,0,3,4950,16
2016,December,2,13,368,53,132.97,18.2,0,14.8,151.17,38.17,0,0,157,2,1500,0,157,220,0,0,110,1113223,5055,110,1418393,4685,23,1270,349502,1556,9740,976,27,285,34.05,520,307,19,0.29,0.44,0.36,0.39,640,2.32,,,2100,0,1,3930,25
2016,December,3,13,369,53,108.06,17.13,0,14.43,125.19,25.48,55,0,120,13,1590,0,177,210,0,0,105,1118000,4777,105,1422980,4587,7,1140,350850,1348,9364,880,27,256,13.39,1170,218,23,0.23,0.41,0.27,0.28,720,2.31,,,2000,0,0,4620,20
2016,December,4,13,370,53,81.51,18.05,0,14.65,99.56,0,22,0,0,2,820,0,0,170,0,0,96,1122115,4115,96,1427296,4316,11,1140,352128,1278,8431,1220,19,228,24.23,460,409,25,0.18,0.39,0.25,0.27,800,2.3,,,2500,0,0,3220,13
2016,December,5,13,371,53,151.83,24.69,0,14.99,176.52,38.16,44,0,206,31,1920,0,206,180,0,0,90,1125605,3490,90,1430851,3555,6,1090,352808,680,7045,810,32,227,0.00,580,468,25,0.26,0.37,0.29,0.27,960,2.25,,,1800,0,0,4550,37
2016,December,6,13,372,54,154.76,16.82,0,9.34,171.58,29.98,0,0,284,5,2240,0,284,230,0,0,115,1129243,3638,115,1433734,2883,9,1190,353591,783,6521,870,24,188,27.78,440,338,17,0.39,0.46,0.41,0.35,880,2.25,,,1800,0,0,4750,14
2016,December,7,13,373,54,160.01,22.88,0,18.56,182.89,33.26,0,0,206,33,1790,0,206,220,0,0,110,1133215,3972,110,1437196,3462,5,1380,354062,471,7434,1176,25,211,0.00,620,450,15,0.26,0.35,0.37,0.43,1040,2.26,,,1800,0,1,4830,38
2016,December,8,13,374,54,150.01,32.73,0,16.26,182.74,33.9,0,0,177,14,1620,0,177,210,0,0,105,1136886,3671,105,1440566,3370,1,1380,354731,669,7041,860,18,229,25.98,520,369,25,0.29,0.6,0.48,0.32,960,2.24,,,1700,0,0,4480,15
2016,December,9,13,375,54,156.74,31.08,0,17.21,187.82,25.74,22,0,157,12,1930,0,157,284,0,0,142,1141123,4237,142,1444412,3846,5,1380,355364,630,8083,1000,31,404,43.47,650,332,18,0.24,0.47,0.25,0.23,800,2.23,,,2000,0,0,4760,17
2016,December,10,13,376,54,98.83,23.17,0,17.22,122,28.29,22,0,241,18,1560,0,241,230,0,0,126,1145057,3934,126,1448468,4056,4,1460,356008,644,7990,1180,30,348,15.09,680,226,13,0.22,0.36,0.25,0.21,640,2.24,,,2000,0,0,4340,22
2016,December,11,13,377,54,80.12,32.29,0,4.23,112.41,11.37,22,44,71,21,1010,0,71,220,0,0,110,1148928,3871,110,1452587,4119,3,1460,356298,290,7990,908,25,289,17.69,1470,361,83,0.15,0.33,0.25,0.18,880,2.22,,,1700,0,0,4820,24
2016,December,12,13,378,54,155.03,24.21,0,23.07,179.24,29.24,33,0,90,3,1820,0,90,220,0,0,110,1152288,3360,110,1456026,3439,4,1300,357085,787,6799,944,27,308,0.00,470,344,24,0.24,0.53,0.35,0.25,880,2.2,,,1800,0,0,4470,7
2016,December,13,13,379,55,160.37,24.42,0,13.58,184.79,33.94,33,0,162,8,1660,0,162,160,0,0,80,1155681,3393,80,1459330,3304,4,1380,357820,735,6697,760,7,76,30.63,360,315,24,0.26,0.66,0.62,0.4,800,2.16,,,1800,0,1,4200,12
2016,December,14,13,380,55,162.68,36.05,0,10.78,198.73,33.94,0,0,152,4,1770,0,152,140,0,0,70,1158137,2456,70,1461627,2297,4,1220,358463,643,4753,630,11,161,18.36,440,406,40,0.18,0.64,0.45,0.61,960,2.11,,,1700,0,0,4390,8
2016,December,15,13,381,55,153.51,33.25,0,15.39,186.76,27.08,0,0,200,26,2070,0,200,170,0,0,85,1162438,4301,85,1465000,3373,3,1330,359193,730,7674,1000,13,203,27.99,600,425,12,0.14,0.43,0.26,0.22,800,2.12,,,2000,0,0,4800,29
2016,December,16,13,382,55,155.68,16.71,0,12.84,172.39,34.14,22,0,175,38,2080,0,175,140,0,0,81,1165819,3441,81,1468371,3371,5,1500,359873,680,6812,1230,18,237,0.00,520,306,12,0.15,0.43,0.26,0.32,720,2.1,,,2000,0,0,4820,43
2016,December,17,13,383,55,87.19,41.75,0,17.69,128.94,33.5,0,0,225,50,2082,0,225,170,0,0,85,1170267,4388,85,1472376,4005,5,1460,360639,766,8393,1070,36,322,17.62,550,299,45,0.21,0.32,0.41,0.63,960,2.04,,,1700,0,0,5052,55
2016,December,18,13,384,55,94.19,24.98,0,14.78,119.17,0,79,11,0,0,80,0,0,190,0,0,95,1174127,3860,95,1475715,3339,8,1380,361203,564,7199,873,34,323,19.62,570,208,22,0.15,0.25,0.46,0.83,960,2,,,1700,0,0,2990,8
2016,December,19,13,385,55,188.91,24.18,0,16.09,213.09,46,22,0,164,58,2560,0,164,220,0,0,110,1177844,3717,110,1479478,3763,7,1540,361995,792,7480,980,28,240,0.00,520,221,158,0.21,0.41,0.4,0.45,1040,2,,,1700,0,0,5660,65
2016,December,20,13,386,56,161.55,24.24,0,17.05,185.79,35.34,0,0,178,50,1760,0,178,200,0,0,100,1181699,3855,100,1483075,3597,4,1460,362620,625,7452,930,30,261,45.64,650,197,247,0.14,0.23,0.24,0.39,960,1.98,,,1800,0,0,4830,54
2016,December,21,13,387,56,165.97,35.5,0,15.15,201.47,33,22,0,160,15,1840,0,160,190,0,0,100,1185525,3826,112,1487000,3925,4,1620,363292,672,7751,860,29,231,0.00,440,350,270,0.13,0.23,0.29,0.58,880,1.95,,,2000,0,0,4780,19
2016,December,22,13,388,56,160.9,17.25,0,11.37,178.15,28.18,0,0,170,25,1440,0,170,190,0,0,95,1189187,3667,95,1490925,3925,7,1700,363949,657,7592,900,20,270,17.78,520,263,259,0.12,0.21,0.4,0.64,720,1.94,,,2000,0,0,4380,32
2016,December,23,13,389,56,164.84,25.79,0,10.62,190.63,33.57,0,30,214,43,1920,0,214,200,0,0,100,1193573,4386,100,1494870,3945,14,1860,364842,893,8331,990,40,70,19.93,470,195,258,0.26,0.42,0.58,0.81,880,1.9,,,1800,0,0,5130,57
2016,December,24,13,390,56,111.22,23.27,0,12.32,134.49,27.18,0,44,164,37,1720,0,164,190,0,0,95,1197907,4334,95,1498158,3288,10,1750,365471,629,7622,1050,31,290,18.30,600,243,267,0.29,0.43,0.64,0.86,960,1.88,,,1800,0,0,5030,47
2016,December,25,13,391,56,95.31,22.19,0,14.69,117.5,12.47,0,0,0,0,640,0,0,160,0,0,80,1201155,3448,80,1500965,2807,6,1730,365942,471,6255,935,26,137,0.00,460,282,265,0.33,0.53,0.68,0.79,960,1.87,,,1800,0,0,3790,6
2016,December,26,13,392,56,174.59,34.9,0,16.14,209.49,29.1,0,22,230,33,2240,0,230,210,0,0,105,1204345,3190,105,1504254,3289,1,2900,366589,647,6479,770,26,254,18.83,440,277,282,0.15,0.25,0.46,0.72,1040,1.86,,,1700,0,0,6620,34
2016,December,27,13,393,57,173.32,51.91,0,16.68,225.23,35.8,0,44,193,23,1840,0,193,130,0,0,87,1207863,3518,87,1507161,2907,9,1730,367422,833,6425,950,24,201,16.88,320,366,258,0.14,0.5,0.53,0.66,800,1.85,,,2000,0,0,4690,32
2016,December,28,13,394,57,176.81,25.35,0,14.56,202.16,29.08,0,0,145,19,2000,0,145,180,0,0,90,1211467,3604,90,1510036,2875,5,1620,368186,764,6479,1000,22,148,17.93,390,313,242,0.17,0.43,0.45,0.53,800,1.85,,,2000,0,0,4810,24
2016,December,29,13,395,57,170.91,32.25,0,15.69,203.16,34.72,0,0,175,19,2240,0,175,240,0,0,120,1215683,4216,120,1513411,3375,5,1700,368904,718,7591,992,27,251,18.04,600,243,178,0.15,0.48,0.43,0.44,960,1.83,,,1800,0,1,5500,24
2016,December,30,13,396,57,159.92,42.1,0,14,202.02,28.01,0,0,175,30,2080,0,175,200,0,0,100,1219734,4051,100,1518068,4657,10,1940,369601,697,8708,937,33,324,17.43,520,289,244,0.19,0.5,0.51,0.58,1120,1.82,,,1500,0,0,5660,40
2016,December,31,13,397,57,96.35,8.2,0,16.31,104.55,30.21,0,44,93,28,1760,0,93,180,0,0,90,1223512,3778,90,1521646,3578,9,1860,370432,831,7356,1050,30,242,34.68,630,298,237,0.16,0.62,0.6,0.64,1040,1.8,,,1500,0,0,5290,37
2017,January,1,14,398,57,78.63,46.14,0,3.97,124.77,0,0,0,156,24,1880,0,156,220,0,0,110,1227129,3617,110,1525111,3465,7,1940,370826,394,7082,1072,24,212,0.00,460,319,250,0.16,0.44,0.57,0.63,880,1.79,36,29.1,1700,0,0,5160,31
2017,January,2,14,399,57,85.26,24.01,0,13.18,109.27,12.58,44,0,0,1,0,0,0,120,0,0,82,1229278,2149,82,1528085,2974,4,1650,371216,390,5123,1000,22,164,36.20,410,215,234,0.13,0.51,0.63,0.71,800,1.79,34,29,2000,0,0,2860,5
2017,January,3,14,400,57,163.88,35.18,0,15.28,199.06,33.56,0,0,144,27,2590,0,144,180,0,0,90,1231443,2165,90,1530989,2904,0,1780,371910,694,5069,880,24,170,29.65,440,256,170,0.18,0.49,0.66,0.68,800,1.8,35,29,2000,0,0,5610,27
2017,January,4,14,401,58,176.64,38.61,0,14.71,215.25,33.85,45,22,191,23,2170,0,191,180,0,0,90,1234606,3163,90,1534518,3529,4,1780,372651,740,6692,990,37,282,20.69,600,209,184,0.21,0.78,0.86,0.89,880,1.77,36,29.2,1500,0,0,5430,27
2017,January,5,14,402,58,162.78,39.87,0,16.19,202.65,35.37,0,22,124,13,1980,0,124,210,0,0,105,1238192,3586,105,1538215,3697,6,1570,373306,655,7283,900,30,259,25.58,520,266,165,0.26,0.93,1.05,1.04,960,1.77,36,29.1,1500,0,1,5030,19
2017,January,6,14,403,58,183.46,41.43,0,11.15,224.89,36.92,0,11,192,21,2170,0,192,220,0,0,110,1241309,3117,110,1541663,3448,9,1570,374065,759,6565,775,33,276,18.95,520,226,221,0.32,0.64,0.7,0.77,960,1.81,36.3,28.5,1500,0,1,5220,30
2017,January,7,14,404,58,114.79,52.64,0,16.6,167.43,25.42,0,44,174,20,1850,0,174,270,0,0,135,1245646,4331,135,1545922,4259,7,1520,374820,755,8590,910,36,298,15.20,630,147,171,0.14,0.58,0.64,0.69,2240,1.81,35,30.5,1700,0,0,6240,27
2017,January,8,14,405,58,81.62,31.31,0,13.57,112.93,0,0,0,0,7,0,0,0,240,0,0,120,1248591,2945,120,1549021,3099,6,1410,375330,510,6044,1000,30,235,17.77,540,415,179,0.12,0.52,0.7,0.74,800,1.81,35,27,2000,0,0,2750,13
2017,January,9,14,406,58,180.29,46.13,0,14.97,226.42,46.56,22,0,252,28,2990,0,252,180,0,0,101,1251431,2840,101,1552411,3390,6,1760,376138,808,6230,1089,22,235,16.89,420,244,242,0.12,0.61,0.68,0.83,800,1.81,35,29,2000,0,0,5970,34
2017,January,10,14,407,58,193.28,36.72,0,11.98,230,30.37,0,0,226,31,1850,0,226,250,0,0,125,1255792,4361,125,1556800,4389,5,1830,376675,537,8750,1038,35,340,0.00,570,250,258,0.12,0.63,0.93,0.85,960,1.81,34,29.4,1500,0,0,5210,36
2017,January,11,14,408,58,164.54,53.85,0,15.59,218.39,38.41,44,9,155,39,2170,0,155,240,0,0,120,1259786,3994,120,1560811,4011,7,1730,377385,710,8005,993,31,262,50.13,600,290,260,0.19,0.81,0.87,0.92,960,1.8,35,29.1,1500,0,1,5460,46
2017,January,12,14,409,59,156.27,44.73,0,12.24,201,39.54,22,45,141,15,1640,0,141,170,0,0,135,1263698,3912,135,1564513,3702,4,1620,377902,517,7614,540,23,125,0.00,410,251,247,0.36,0.77,0.87,0.91,1040,1.8,30.2,28.8,1500,0,0,4710,19
2017,January,13,14,410,59,167.06,52.51,0,16.09,219.57,34.8,0,22,207,25,2300,0,207,200,0,0,100,1267849,4151,100,1568136,3623,7,1730,378539,637,7774,1000,31,221,0.00,440,306,245,0.26,0.52,0.78,0.82,960,1.79,30.2,28.8,1500,0,0,5430,32
2017,January,14,14,411,59,88.26,46.66,0,17.96,134.92,32.81,0,44,107,11,1190,0,107,180,0,0,90,1271992,4143,90,1571639,3503,5,1750,379131,592,7646,980,27,262,24.14,570,302,244,0.16,0.52,0.64,0.69,800,1.79,30.5,28,1700,4,0,4310,16
2017,January,15,14,412,59,113.34,32.44,0,17.38,145.78,23.69,22,22,89,12,1350,0,89,140,0,0,70,1275367,3375,70,1574511,2872,5,1620,379718,587,6247,895,22,163,17.35,520,392,242,0.18,0.55,0.61,0.73,320,1.78,30.2,29,1700,9,0,3810,17
2017,January,16,14,413,59,132.96,46.59,0,10.87,179.55,38.25,0,0,208,32,2540,0,208,170,0,0,85,1279028,3661,85,1577926,3415,6,1700,380342,624,7076,950,29,209,28.91,650,284,199,0.15,0.76,0.71,0.68,960,1.77,30.7,29,1700,8,0,5850,38
2017,January,17,14,414,59,135.21,42.78,0,14.4,177.99,38.42,0,22,211,21,2060,0,211,180,0,0,90,1282780,3752,90,1582609,4683,9,1730,381021,679,8435,1066,38,189,14.16,520,231,207,0.17,0.5,0.57,0.61,1040,1.77,32.3,29.1,1500,8,0,5350,30
2017,January,18,14,415,59,139.08,52.22,0,15.4,191.3,30.6,0,0,173,23,2330,0,173,190,0,0,95,1286425,3645,95,1586000,3391,2,1620,381814,802,7036,540,26,191,24.83,680,218,202,0.18,0.52,0.6,0.64,720,1.76,33.3,27.3,1500,0,0,5350,25
2017,January,19,14,416,60,137.45,41.18,0,11.71,178.63,34.29,0,0,190,26,2220,0,190,200,0,0,100,1290722,4297,100,1589953,3953,6,1380,382486,672,8250,980,27,273,17.86,680,252,204,0.16,0.51,0.6,0.73,800,1.76,33.2,24.6,1700,1,0,5080,32
2017,January,20,14,417,60,135.5,52.76,0,13.22,188.26,31.48,22,50,207,18,2410,0,207,180,0,0,90,1295432,4710,90,1594125,4172,7,1540,383267,781,8882,912,28,202,36.38,600,282,167,0.16,0.49,0.78,0.84,880,1.76,32.6,29,1700,0,1,5430,25
2017,January,21,14,418,60,66.93,61.11,0,14.17,128.04,35.11,0,0,165,12,2200,0,165,210,0,0,105,1299363,3931,105,1597606,3482,6,1380,383915,648,7413,880,39,304,0.00,680,265,181,0.18,0.55,0.64,0.6,800,1.77,33.9,30.7,1600,0,0,5060,18
2017,January,22,14,419,60,82.74,50.49,0,12,133.23,12.07,22,22,0,0,530,0,0,220,0,0,110,1303062,3699,110,1601082,3175,2,1220,384501,586,6874,920,30,233,41.30,680,195,79,0.29,0.78,0.82,0.74,880,1.75,33.2,29.3,1600,0,0,3310,2
2017,January,23,14,420,60,76.87,36.77,0,7.52,113.64,37.3,0,0,145,21,1880,0,145,210,0,0,105,1306003,2941,105,1604195,3113,20,1300,385045,544,6054,830,23,242,0.00,360,252,108,0.14,0.35,0.61,0.41,960,1.75,33.7,29.3,1600,0,0,4500,41
2017,January,24,14,421,60,76.81,41,0,7.52,117.81,25,0,0,96,10,1440,0,96,180,0,0,90,1308606,2603,90,1606867,2672,32,1090,385567,522,5275,800,29,262,0.00,600,265,108,0.66,0.82,0.81,0.73,1040,1.74,34.4,25.1,1600,0,0,4170,42
2017,January,25,14,422,60,43.61,35.19,0,4.78,78.8,21.42,22,0,79,6,1730,0,79,250,0,0,125,1311866,3260,125,1610394,3527,27,1270,385777,210,6787,950,38,331,0.00,670,258,107,0.57,0.89,0.8,0.87,960,1.73,33.3,28.1,1600,0,0,4630,33
2017,January,26,14,423,61,60.59,41.73,0,0,102.32,20.26,0,0,94,10,1060,0,94,240,0,0,120,1314425,2559,120,1613167,2773,35,1300,386000,223,5332,1080,28,297,67.37,540,253,169,0.49,0.78,0.67,0.81,960,1.72,34,29.2,1500,0,0,3860,45
2017,January,27,14,424,61,26.61,26.07,0,0,52.68,19.45,0,0,92,6,930,0,92,250,0,0,125,1316168,1743,125,1615484,2317,29,1090,386275,275,4060,950,34,318,0.00,700,294,136,0.73,0.79,0.71,0.92,1840,7.72,34.4,29.7,1500,0,0,4560,35
2017,January,28,14,425,61,0,0,0,0,0,0,33,33,0,0,0,0,0,130,0,0,65,1317850,1682,65,1616971,1487,30,1010,386520,245,3169,650,25,247,0.00,590,201,149,0.37,0.89,0.99,1.18,880,1.7,30.2,29.1,1700,0,0,2480,30
2017,January,29,14,426,61,46.5,0,0,0,46.5,4.15,44,22,0,4,420,0,0,60,0,0,30,1318945,1095,30,1618184,1213,31,960,386520,0,2308,380,10,76,0.00,400,176,139,0.55,0.86,0.73,0.72,800,1.72,33.2,29.4,1700,0,0,2580,35
2017,January,30,14,427,61,44.7,13.8,0,3.72,58.5,16.88,0,0,56,7,770,0,56,170,0,0,85,1320159,1214,85,1619988,1214,8,880,386739,219,2428,740,20,132,49.50,380,240,86,0.37,0.49,0.56,0.54,800,1.73,34.5,28.5,1700,0,1,2830,15
2017,January,31,14,428,61,47.35,24.49,0,0.97,71.84,16.76,0,0,27,4,770,0,27,170,0,0,85,1321537,1378,85,1620694,1298,3,1060,387025,286,2676,712,3,10,0.00,220,149,72,0.51,0.42,0.43,0.4,480,1.76,32.5,29,1700,0,0,2530,7
2017,February,1,15,429,61,59.93,34.78,0,2.77,94.71,13.94,0,0,63,5,1060,92,92,240,0,0,120,1322896,1359,120,1622285,1591,1,1040,387447,442,2950,345,30,256,0.00,570,99,21,0.25,0.45,0.64,0.56,560,1.75,34.7,29.1,1700,0,1,3230,6
2017,February,2,15,430,62,52.89,34.76,0,4,87.65,17.23,0,0,56,26,690,57,57,240,0,0,120,1324211,1315,120,1623713,1428,3,1120,387703,256,2743,335,34,278,0.00,590,263,17,0.68,0.54,0.61,0.61,800,1.74,34.5,29.1,1500,0,0,3200,29
2017,February,3,15,431,62,57.78,34.8,0,1.96,92.58,13.02,0,22,61,8,1010,16,0,180,0,0,80,1325472,1261,100,1624881,1168,3,1040,388060,357,2429,256,25,200,0.00,540,202,31,0.85,0.81,0.72,0.67,880,1.74,34.6,29.1,1500,0,0,3470,11
2017,February,4,15,432,62,117.53,32.9,0,3.94,150.43,27.49,0,0,119,11,2330,142,0,210,0,0,105,1326952,1480,105,1626503,1622,2,1250,388595,535,3102,395,12,57,25.84,330,156,22,0.71,0.82,0.86,0.69,800,1.75,34.8,28.8,1500,0,1,4710,13
2017,February,5,15,433,62,74.92,41.14,0,6.07,116.06,22.79,0,0,78,29,1620,127,0,210,0,0,105,1328673,1721,105,1628144,1641,3,1120,389130,535,3362,380,23,225,31.77,570,177,69,0.64,0.77,0.82,0.83,800,1.73,35,29,1500,0,0,4110,32
2017,February,6,15,434,62,125.22,34.19,0,3.13,159.41,29.61,88,0,127,18,1880,158,0,260,0,0,130,1330555,1882,130,1630223,2079,4,1250,389619,489,3961,585,42,312,0.00,730,177,124,0.46,0.95,0.9,0.67,640,1.73,34.8,29.1,1500,0,0,4500,22
2017,February,7,15,435,62,132.91,18.27,0,10.56,151.18,22.66,44,0,134,23,1640,215,0,220,0,0,110,1333128,2573,110,1632334,2111,2,1250,390147,528,4684,652,37,314,0.00,650,229,196,0.22,0.88,0.73,0.6,640,1.73,32.1,29.1,1500,0,0,4180,25
2017,February,8,15,436,62,139.21,25.69,0,10.57,164.9,25.42,55,0,140,33,1770,219,0,220,0,0,110,1335841,2713,110,1634986,2652,6,1250,390699,552,5365,880,25,164,41.53,360,253,147,0.21,0.67,0.62,0.5,560,1.73,31.2,29.2,1500,0,0,3940,39
2017,February,9,15,437,63,150.03,25.45,0,6.49,175.48,25.76,44,0,151,31,1770,189,0,290,0,0,145,1339265,3424,145,1638153,3167,3,1410,391193,494,6591,1110,28,215,0.00,600,280,127,0.2,0.37,0.51,0.46,640,1.73,30.7,29.1,1500,0,0,4420,34
2017,February,10,15,438,63,144.28,49.36,0,10.04,193.64,38.66,44,0,145,14,2490,244,0,240,0,0,120,1343006,3741,120,1642397,4244,7,1460,392008,815,7985,1090,33,272,0.00,500,278,185,0.15,0.64,0.54,0.68,640,1.71,30.3,28.6,1500,0,0,5090,21
2017,February,11,15,439,63,98.96,32.86,0,9.79,131.82,36.01,0,0,101,19,1640,196,0,220,0,0,110,1347050,4044,110,1646549,4152,4,1250,392930,922,8196,1008,14,273,0.00,550,270,87,0.16,0.34,0.36,0.38,560,1.71,31.2,28.6,1500,0,1,4000,23
2017,February,12,15,440,63,86.92,32.11,0,11.71,119.03,0,44,0,89,0,0,0,0,120,0,0,60,1349597,2547,60,1649272,2723,7,1490,393567,637,5270,460,10,144,0.00,540,173,164,0.21,0.47,0.31,0.37,480,1.71,33.2,29.1,1500,0,0,2510,7
2017,February,13,15,441,63,158.93,33.02,0,9.1,191.95,41.92,0,0,160,10,2990,273,0,280,0,0,140,1352865,3268,140,1652837,3365,16,1010,394337,770,6633,900,34,236,43.64,500,248,57,0.26,0.38,0.48,0.36,560,2.05,31.6,29.2,1500,0,13,5060,26
2017,February,14,15,442,63,165.3,42.28,0,12.79,207.58,47.82,0,0,166,7,2300,203,0,170,0,0,150,1357376,4511,20,1655794,2957,5,1250,395137,800,7468,921,36,311,0.00,710,324,176,0.31,0.36,0.38,0.32,560,1.97,35.2,29.2,1500,0,0,4820,12
2017,February,15,15,443,63,165.17,49.64,0,9.36,214.81,32.3,0,33,166,23,2330,229,0,170,0,0,170,1362665,5289,0,1656862,1068,5,1060,395779,637,6357,711,15,96,0.00,360,291,93,0.25,0.36,0.35,0.39,640,1.97,35.9,30.4,1500,0,2,4390,28
2017,February,16,15,444,64,158.85,31.19,0,12.17,190.04,35.91,0,0,159,13,2010,255,0,180,0,0,140,1367604,4939,40,1658276,1414,5,1010,396574,820,6353,889,15,188,0.00,360,130,51,0.2,0.35,0.41,0.36,480,1.97,35.3,30.1,1500,0,1,3860,18
2017,February,17,15,445,64,187.27,34.05,0,13.09,221.32,31.48,43,0,187,4,1810,218,0,210,0,0,90,1372736,5132,120,1662736,4460,1,1170,397129,530,9592,1148,26,235,0.00,730,219,90,0.19,0.31,0.41,0.45,480,1.94,35.6,29.8,1500,0,0,4190,5
2017,February,18,15,446,64,119.29,40.91,0,14.76,160.2,13.07,22,100,121,2,2240,274,0,140,0,0,70,1376802,4066,70,1667464,4728,10,1300,397883,759,8794,816,38,246,52.01,710,168,60,0.18,0.28,0.5,0.48,560,1.93,35.5,29.2,1900,0,1,4810,12
2017,February,19,15,447,64,104.52,42.57,0,18.4,147.09,31.3,0,0,107,0,720,0,0,160,0,0,80,1381420,4618,80,1671543,4079,5,1380,398508,625,8697,878,35,192,0.00,650,354,157,0.17,0.33,0.38,0.35,560,1.93,35.6,29.3,1900,0,1,3310,5
2017,February,20,15,448,64,187.43,50.37,0,13.77,237.8,31.86,0,0,187,16,3120,349,0,220,0,0,145,1385277,3857,75,1675238,3695,1,1140,399162,654,7552,830,23,186,0.00,600,111,33,0.13,0.15,0.38,0.43,1040,1.94,36.4,29.6,1900,0,0,5900,17
2017,February,21,15,449,64,198.81,40.39,0,13.15,239.2,35.44,22,0,198,11,2400,304,0,210,0,0,15,1388623,3346,195,1679780,4542,4,1170,399945,783,7888,852,27,187,42.23,550,205,90,0.12,0.21,0.36,0.41,640,1.91,33.5,29.4,1900,0,0,4760,15
2017,February,22,15,450,64,182.13,42.1,0,13.44,224.23,29.69,44,70,182,18,2320,349,0,180,0,0,0,1390120,1497,180,1686416,6636,5,1220,400648,703,8133,838,28,298,0.00,920,254,124,0.1,0.21,0.33,0.35,640,1.91,33.4,29.7,1500,0,0,5100,23
2017,February,23,15,451,65,169.36,53.24,0,12.33,222.6,8.76,0,44,170,15,2560,253,0,170,0,0,0,1390725,605,170,1693112,6696,2,1410,401346,698,7301,1007,27,221,48.70,710,290,102,0.13,0.14,0.35,0.36,560,1.89,31.9,29.3,1500,0,0,5240,17
2017,February,24,15,452,65,160.21,42.68,0,12.69,202.89,30.73,0,0,161,10,2160,281,0,200,0,0,0,1391260,535,200,1700103,6991,4,1350,402119,773,7526,1050,25,266,0.00,870,264,113,0.14,0.14,0.32,0.42,560,1.86,30.3,29.3,1500,0,1,4940,14
2017,February,25,15,453,65,120.81,41.32,0,13.73,162.13,26.14,0,22,122,8,2080,265,0,210,0,0,0,1391652,392,210,1707047,6944,2,1300,402810,691,7336,1131,27,260,18.35,710,254,62,0.12,0.14,0.33,0.42,640,1.84,30.3,29.2,1500,0,0,4730,10
2017,February,26,15,454,65,94.81,43.85,0,13,138.66,27.86,0,22,97,7,1760,137,0,230,0,0,0,1391893,241,230,1713785,6738,21,1380,403776,966,6979,963,36,176,0.00,630,181,60,0.1,0.11,0.45,0.61,560,1.82,32.3,29.1,1500,0,0,4330,28
2017,February,27,15,455,65,157.44,49.06,0,10.71,206.5,30.11,44,60,158,5,2800,333,0,220,0,0,0,1391893,240,220,1720171,6386,0,1300,404640,864,6626,866,49,316,51.90,900,246,63,0.14,0.18,0.47,0.53,560,1.82,33.5,29.4,1000,18,0,5560,5
2017,February,28,15,456,65,202.08,43.67,0,11.46,245.75,42.48,22,22,202,13,2560,296,0,230,0,0,0,1392129,236,230,1726928,6757,10,1380,405535,839,6993,842,37,272,15.86,790,246,123,0.16,0.3,0.48,0.67,640,1.83,34,28.6,1000,31,1,5370,23
,,,,,,,,,,,,,,,,,,,,,,,,,,,,,,,,,,,,,,,,,,,,,,,,,,,,
,,,,,,,,,,,,,,,,,,,,,,,,,,,,,,,,,,,,,,,,,,,,,,,,,,,,
,,,,,,,,,,,,,,,,,,,,,,,,,,,,,,,,,,,,,,,,,,,,,,,,,,,,
,,,,,,,,,,,,,,,,,,,,,,,,,,,,,,,,,,,,,,,,,,,,,,,,,,,,
,,,,,,,,,,,,,,,,,,,,,,,,,,,,,,,,,,,,,,,,,,,,,,,,,,,,
,,,,,,,,,,,,,,,,,,,,,,,,,,,,,,,,,,,,,,,,,,,,,,,,,,,,
,,,,,,,,,,,,,,,,,,,,,,,,,,,,,,,,,,,,,,,,,,,,,,,,,,,,
