,Kitchen_waste_,Fruit_and_vegetable_waste_,Bread_Paste_,Waste_oil_,Total_Waste_,Diesel_waste_water_,Flour_and_waste_oil_,Kitchen_waste_paste_,1_acidification_hydrolysis_tank_feed_,1_acidification_hydrolysis_tank_discharge_,2_acidification_hydrolysis_tank_feed_,2_acidification_hydrolysis_tank_discharge_,1_Anaerobic_tank_slurry_feed_,1_Anaerobic_tank_biogas_cumulative_production_,1_anaerobic_tank_biogas_daily_output_,2_Anaerobic_tank_slurry_feed_,2_anaerobic_tank_biogas_cumulative_production_,2_anaerobic_tank_biogas_daily_output_,acid_feed,acid_discharge,anaerobic_feed,anaerobic_cumuprod,anaerobic_dailyoutput
0,92.03,0.0,7.95,13.54,99.98,54.0,17.0,167.0,0.0,0.0,0.0,0.0,50.0,107936.0,3288.0,80.0,232517.0,4631.0,0.0,0.0,130.0,340453.0,7919.0
1,78.43,0.0,13.3,16.1,91.73,36.0,8.0,100.0,0.0,0.0,0.0,0.0,100.0,109944.0,2008.0,70.0,233210.0,693.0,0.0,0.0,170.0,343154.0,2701.0
2,81.84,0.0,8.35,6.6,90.19,22.0,34.0,120.0,0.0,0.0,0.0,0.0,90.0,115567.0,5623.0,60.0,237794.0,4584.0,0.0,0.0,150.0,353361.0,10207.0
3,81.05,0.0,9.1,17.48,90.15,22.0,20.0,92.0,0.0,0.0,0.0,0.0,60.0,121046.0,5479.0,100.0,242897.0,5103.0,0.0,0.0,160.0,363943.0,10582.0
4,36.86,0.0,9.4,12.47,46.26,44.0,35.0,122.0,0.0,0.0,0.0,0.0,80.0,125451.0,4405.0,80.0,247520.0,4623.0,0.0,0.0,160.0,372971.0,9028.0
5,21.58,0.0,16.2,11.85,37.78,22.0,21.0,0.0,0.0,0.0,0.0,0.0,80.0,129944.0,4493.0,80.0,255145.0,4625.0,0.0,0.0,160.0,385089.0,9118.0
6,89.98,0.0,9.1,12.14,99.08,30.0,48.0,96.0,0.0,0.0,0.0,0.0,80.0,134947.0,5003.0,80.0,257218.0,5073.0,0.0,0.0,160.0,392165.0,10076.0
7,80.46,9.8,16.9,13.92,107.16,29.0,31.0,148.0,0.0,0.0,0.0,0.0,90.0,140067.0,4936.0,80.0,262218.0,5000.0,0.0,0.0,170.0,402285.0,9936.0
8,77.2,10.4,5.6,10.69,93.2,22.0,12.0,114.0,0.0,0.0,0.0,0.0,80.0,145003.0,4936.0,80.0,267198.0,4980.0,0.0,0.0,160.0,412201.0,9916.0
9,78.37,9.34,8.3,9.79,96.01,25.0,40.0,140.0,0.0,0.0,0.0,0.0,100.0,147737.0,2734.0,100.0,271611.0,4413.0,0.0,0.0,200.0,419348.0,7147.0
10,74.03,8.95,7.99,10.08,90.97,22.0,22.0,153.0,0.0,0.0,0.0,0.0,80.0,152450.0,4713.0,60.0,274000.0,2589.0,0.0,0.0,140.0,426450.0,7302.0
11,38.38,6.09,17.0,15.62,61.47,44.0,24.0,101.0,0.0,0.0,0.0,0.0,60.0,154892.0,2442.0,60.0,276191.0,2191.0,0.0,0.0,120.0,431083.0,4633.0
12,16.51,0.0,8.0,13.94,24.51,30.0,0.0,0.0,0.0,0.0,0.0,0.0,60.0,158858.0,3966.0,80.0,280646.0,4455.0,0.0,0.0,140.0,439504.0,8421.0
13,71.68,2.78,17.56,15.41,92.02,30.0,37.0,85.0,0.0,0.0,0.0,0.0,100.0,162312.0,3454.0,70.0,285019.0,4373.0,0.0,0.0,170.0,447331.0,7827.0
14,79.16,10.56,17.32,0.0,107.04,49.0,31.0,122.0,171.0,40.0,31.0,90.0,65.0,165884.0,3572.0,65.0,289177.0,4158.0,202.0,130.0,130.0,455061.0,7730.0
15,79.25,6.67,15.28,2.16,101.2,0.0,37.0,98.0,120.0,0.0,15.0,200.0,100.0,170603.0,4719.0,100.0,293753.0,4576.0,135.0,200.0,200.0,464356.0,9295.0
16,76.88,7.68,8.3,4.75,92.86,0.0,15.0,80.0,0.0,155.0,91.0,0.0,70.0,174072.0,3469.0,85.0,298908.0,5155.0,91.0,155.0,155.0,472980.0,8624.0
17,78.4,6.7,8.11,22.47,93.21,30.0,20.0,126.0,20.0,80.0,30.0,80.0,90.0,177892.0,3820.0,70.0,303534.0,4626.0,50.0,160.0,160.0,481426.0,8446.0
18,52.88,9.1,0.0,15.24,61.98,0.0,9.0,86.0,95.0,0.0,0.0,150.0,90.0,182504.0,4612.0,60.0,307706.0,4172.0,95.0,150.0,150.0,490210.0,8784.0
19,19.79,7.94,0.0,2.6,27.73,0.0,9.0,0.0,9.0,0.0,0.0,150.0,90.0,186349.0,3845.0,60.0,311610.0,3904.0,9.0,150.0,150.0,497959.0,7749.0
20,77.68,7.64,15.19,8.6,100.51,32.0,22.0,90.0,11.0,100.0,43.0,20.0,60.0,189358.0,3009.0,60.0,315844.0,4234.0,54.0,120.0,120.0,505202.0,7243.0
21,76.07,7.61,15.09,13.57,98.77,0.0,23.0,117.0,140.0,20.0,0.0,60.0,40.0,192625.0,3267.0,40.0,319518.0,3674.0,140.0,80.0,80.0,512143.0,6941.0
22,84.22,7.6,8.78,16.79,100.6,0.0,22.0,93.0,93.0,40.0,22.0,90.0,60.0,195721.0,3096.0,70.0,322978.0,3460.0,115.0,130.0,130.0,518699.0,6556.0
23,90.41,7.48,15.06,9.58,112.95,0.0,22.0,88.0,0.0,130.0,110.0,0.0,65.0,199005.0,3284.0,65.0,327110.0,4132.0,110.0,130.0,130.0,526115.0,7416.0
24,74.94,8.34,15.25,11.26,98.53,0.0,22.0,88.0,22.0,60.0,88.0,60.0,60.0,203178.0,4173.0,60.0,331879.0,4769.0,110.0,120.0,120.0,535057.0,8942.0
25,59.57,7.88,16.53,12.16,83.98,31.67,18.51,98.0,50.0,40.0,98.0,60.0,60.0,207068.0,3890.0,40.0,335712.0,3833.0,148.0,100.0,100.0,542780.0,7723.0
26,14.31,0.0,15.56,12.82,29.87,22.0,45.64,0.0,0.0,40.0,67.64,130.0,70.0,210528.0,3460.0,100.0,341692.0,5980.0,67.64,170.0,170.0,552220.0,9440.0
27,84.4,7.68,8.52,0.0,100.6,46.22,38.36,83.0,0.0,40.0,167.58,120.0,70.0,215137.0,4609.0,90.0,345931.0,4239.0,167.58,160.0,160.0,561068.0,8848.0
28,86.34,6.83,8.38,0.0,101.55,12.0,0.0,85.0,0.0,0.0,97.0,110.0,60.0,218748.0,3611.0,50.0,349531.0,3600.0,97.0,110.0,110.0,568279.0,7211.0
29,82.37,5.19,13.96,0.0,101.52,22.0,14.0,85.0,0.0,0.0,121.0,100.0,50.0,224267.0,5519.0,50.0,354984.0,5453.0,121.0,100.0,100.0,579251.0,10972.0
30,86.73,5.52,0.0,0.0,92.25,0.0,24.53,103.0,0.0,30.0,127.53,80.0,55.0,228599.0,4332.0,55.0,360071.0,5087.0,127.53,110.0,110.0,588670.0,9419.0
31,33.23,0.0,15.2,9.95,48.43,22.0,45.0,50.0,0.0,15.0,117.0,85.0,60.0,231946.0,3347.0,40.0,364674.0,4603.0,117.0,100.0,100.0,596620.0,7950.0
32,17.98,0.0,0.0,16.47,17.98,22.0,0.0,0.0,0.0,0.0,22.0,60.0,30.0,235357.0,3411.0,30.0,368055.0,3381.0,22.0,60.0,60.0,603412.0,6792.0
33,29.28,0.0,15.9,11.53,45.18,0.0,39.0,0.0,0.0,0.0,39.0,60.0,30.0,237510.0,2153.0,30.0,371671.0,3616.0,39.0,60.0,60.0,609181.0,5769.0
34,91.75,11.45,16.1,13.73,119.3,22.0,7.0,80.0,0.0,0.0,109.0,110.0,50.0,240128.0,2618.0,60.0,374909.0,3238.0,109.0,110.0,110.0,615037.0,5856.0
35,86.37,13.46,25.95,10.48,125.78,22.0,66.0,106.0,22.0,0.0,172.0,90.0,50.0,244018.0,3890.0,40.0,379272.0,4363.0,194.0,90.0,90.0,623290.0,8253.0
36,87.59,13.63,15.83,11.26,117.05,18.51,27.65,86.0,27.65,0.0,104.51,75.0,35.0,247364.0,3346.0,40.0,383672.0,4400.0,132.16,75.0,75.0,631036.0,7746.0
37,92.7,14.26,15.28,12.67,122.24,46.3,22.3,92.0,138.3,0.0,22.3,72.0,42.0,251267.0,3903.0,30.0,387173.0,3501.0,160.60000000000002,72.0,72.0,638440.0,7404.0
38,72.28,0.0,16.79,12.82,89.07,44.3,33.0,82.0,115.0,46.0,44.3,30.0,38.0,255509.0,4242.0,38.0,390815.0,3642.0,159.3,76.0,76.0,646324.0,7884.0
39,41.26,0.0,16.09,14.4,57.35,0.0,33.0,80.0,0.0,56.0,113.0,0.0,28.0,258785.0,3276.0,28.0,395635.0,4820.0,113.0,56.0,56.0,654420.0,8096.0
40,18.78,0.0,15.88,16.41,34.66,24.0,31.0,0.0,0.0,70.0,55.0,0.0,35.0,261598.0,2813.0,35.0,398666.0,3031.0,55.0,70.0,70.0,660264.0,5844.0
41,93.48,7.94,11.42,15.96,112.84,22.0,12.0,52.0,0.0,92.0,86.0,0.0,45.0,264434.0,2836.0,47.0,402197.0,3531.0,86.0,92.0,92.0,666631.0,6367.0
42,73.52,11.33,16.69,16.53,101.54,0.0,11.15,85.0,96.15,0.0,0.0,99.0,52.0,267793.0,3359.0,47.0,405929.0,3732.0,96.15,99.0,99.0,673722.0,7091.0
43,56.11,11.45,26.63,7.33,94.19,0.0,52.33,71.0,123.33,0.0,0.0,86.0,45.0,270059.0,2266.0,41.0,408875.0,2946.0,123.33,86.0,86.0,678934.0,5212.0
44,89.91,6.87,16.69,2.88,113.47,0.0,44.0,78.0,0.0,90.0,122.0,0.0,45.0,272726.0,2667.0,45.0,411837.0,2962.0,122.0,90.0,90.0,684563.0,5629.0
45,85.35,7.84,0.0,14.1,93.19,0.0,22.0,80.0,0.0,115.0,102.0,0.0,55.0,276568.0,3842.0,60.0,415037.0,3200.0,102.0,115.0,115.0,691605.0,7042.0
46,30.44,21.83,9.48,11.32,61.75,0.0,22.0,104.0,0.0,62.0,126.0,0.0,31.0,280989.0,4421.0,31.0,417739.0,2702.0,126.0,62.0,62.0,698728.0,7123.0
47,6.61,0.0,10.04,16.15,16.65,22.0,38.0,0.0,11.0,56.0,49.0,5.0,30.0,283786.0,2797.0,31.0,420286.0,2547.0,60.0,61.0,61.0,704072.0,5344.0
48,70.56,10.3,14.04,12.31,94.9,0.0,0.0,76.0,76.0,0.0,0.0,96.0,46.0,287143.0,3357.0,50.0,423320.0,3034.0,76.0,96.0,96.0,710463.0,6391.0
49,83.81,0.0,24.98,10.53,108.79,0.0,50.34,100.0,150.34,87.0,0.0,64.0,73.0,290603.0,3460.0,78.0,427243.0,3923.0,150.34,151.0,151.0,717846.0,7383.0
50,81.3,0.0,0.0,0.0,81.3,0.0,47.87,76.0,0.0,88.0,123.87,0.0,48.0,293654.0,3051.0,40.0,430517.0,3274.0,123.87,88.0,88.0,724171.0,6325.0
51,0.0,0.0,0.0,0.0,0.0,0.0,25.61,70.0,0.0,65.0,95.65,0.0,30.0,296101.0,2447.0,35.0,433213.0,2696.0,95.65,65.0,65.0,729314.0,5143.0
52,0.0,0.0,0.0,0.0,0.0,0.0,18.0,69.0,0.0,89.0,87.0,0.0,42.0,298807.0,2706.0,47.0,436011.0,2798.0,87.0,89.0,89.0,734818.0,5504.0
53,0.0,0.0,0.0,0.0,0.0,0.0,36.0,50.0,0.0,53.0,86.0,0.0,30.0,300655.0,1848.0,23.0,437589.0,1578.0,86.0,53.0,53.0,738244.0,3426.0
54,0.0,0.0,0.0,0.0,0.0,0.0,8.03,0.0,0.0,25.0,8.03,42.0,36.0,302430.0,1775.0,31.0,439369.0,1780.0,8.03,67.0,67.0,741799.0,3555.0
55,79.99,0.0,26.23,11.73,106.22,0.0,74.13,99.0,173.13,0.0,0.0,42.0,21.0,303754.0,1324.0,21.0,441209.0,1840.0,173.13,42.0,42.0,744963.0,3164.0
56,76.67,11.08,26.57,10.84,114.32,0.0,44.0,56.0,100.0,5.0,0.0,54.0,32.0,305615.0,1861.0,27.0,442948.0,1739.0,100.0,59.0,59.0,748563.0,3600.0
57,81.08,0.0,15.37,8.96,96.45,0.0,10.0,61.0,0.0,50.0,71.0,0.0,25.0,307343.0,1728.0,25.0,444746.0,1798.0,71.0,50.0,50.0,752089.0,3526.0
58,79.54,0.0,16.25,3.77,95.79,0.0,24.0,62.0,0.0,46.0,86.0,0.0,28.0,309121.0,1778.0,18.0,446248.0,1502.0,86.0,46.0,46.0,755369.0,3280.0
59,83.1,0.0,22.52,14.05,105.62,0.0,26.0,50.0,0.0,45.0,76.0,0.0,25.0,310584.0,1463.0,20.0,447539.0,1291.0,76.0,45.0,45.0,758123.0,2754.0
60,58.25,0.0,8.26,17.98,66.51,0.0,31.0,92.0,0.0,65.0,122.0,0.0,32.0,311990.0,1406.0,33.0,449273.0,1734.0,122.0,65.0,65.0,761263.0,3140.0
61,19.96,0.0,16.59,13.29,36.55,0.0,17.62,101.0,17.62,50.0,61.0,40.0,45.0,313774.0,1784.0,45.0,451536.0,2263.0,78.62,90.0,90.0,765310.0,4047.0
62,79.86,0.0,32.65,10.36,112.51,0.0,23.19,38.0,0.0,110.0,61.19,0.0,60.0,316322.0,2548.0,50.0,453713.0,2177.0,61.19,110.0,110.0,770035.0,4725.0
63,70.05,0.0,25.1,10.69,95.15,0.0,32.0,74.0,32.0,0.0,0.0,74.0,42.0,318049.0,1727.0,32.0,455528.0,1815.0,32.0,74.0,74.0,773577.0,3542.0
64,59.39,0.0,24.09,9.13,83.48,0.0,60.0,36.0,59.0,64.0,37.0,20.0,40.0,319819.0,1770.0,44.0,457698.0,2170.0,96.0,84.0,84.0,777517.0,3940.0
65,64.54,0.0,14.91,2.56,79.45,0.0,9.0,52.0,61.0,22.0,0.0,62.0,52.0,321654.0,1835.0,32.0,459770.0,2072.0,61.0,84.0,84.0,781424.0,3907.0
66,54.88,0.0,15.82,5.24,70.7,0.0,17.0,49.0,66.0,27.0,0.0,24.0,28.0,323070.0,1416.0,23.0,461314.0,1544.0,66.0,51.0,51.0,784384.0,2960.0
67,40.98,0.0,16.53,6.03,57.51,0.0,20.0,62.0,0.0,86.0,82.0,0.0,48.0,324541.0,1471.0,34.0,462746.0,1432.0,82.0,86.0,82.0,787287.0,2903.0
68,20.07,0.0,8.51,0.0,28.58,0.0,16.0,0.0,0.0,84.0,16.0,0.0,42.0,326620.0,2079.0,42.0,464309.0,1563.0,16.0,84.0,84.0,790929.0,3642.0
69,13.07,0.0,0.0,0.0,13.07,0.0,0.0,25.0,25.0,0.0,0.0,60.0,30.0,327911.0,1291.0,30.0,466046.0,1737.0,25.0,60.0,60.0,793957.0,3028.0
70,34.71,0.0,0.0,0.0,34.71,0.0,0.0,12.0,0.0,56.0,12.0,0.0,28.0,329175.0,1264.0,28.0,467660.0,1614.0,12.0,56.0,56.0,796835.0,2878.0
71,21.0,0.0,0.0,1.97,21.0,0.0,0.0,0.0,0.0,36.0,6.0,0.0,18.0,330391.0,1216.0,18.0,468944.0,1284.0,6.0,36.0,36.0,799335.0,2500.0
72,30.01,0.0,0.0,2.05,30.01,0.0,18.0,6.0,0.0,26.0,34.0,34.0,34.0,331364.0,973.0,26.0,470165.0,1221.0,34.0,60.0,60.0,801529.0,2194.0
73,29.04,0.0,8.17,2.13,37.21,19.0,9.0,0.0,28.0,0.0,0.0,70.0,38.0,332527.0,1163.0,32.0,471466.0,1301.0,28.0,70.0,70.0,803993.0,2464.0
74,27.6,0.0,17.46,2.12,45.06,0.0,20.0,0.0,20.0,30.0,0.0,24.0,30.0,333715.0,1188.0,24.0,472686.0,1220.0,20.0,54.0,54.0,806401.0,2408.0
75,60.14,0.0,17.8,1.97,77.94,0.0,24.0,0.0,0.0,54.0,24.0,0.0,27.0,334783.0,1068.0,27.0,473944.0,1258.0,24.0,54.0,54.0,808727.0,2326.0
76,58.16,0.0,16.71,5.91,74.87,0.0,23.0,80.0,0.0,62.0,103.0,0.0,34.0,336006.0,1223.0,28.0,475120.0,1176.0,103.0,62.0,62.0,811126.0,2399.0
77,69.19,0.0,8.96,7.16,78.15,0.0,20.0,65.0,85.0,0.0,0.0,81.0,44.0,337475.0,1469.0,37.0,477103.0,1983.0,85.0,81.0,81.0,814578.0,3452.0
78,65.72,0.0,16.87,14.01,82.59,0.0,20.0,46.0,66.0,0.0,0.0,62.0,31.0,339049.0,1574.0,31.0,479282.0,2179.0,66.0,62.0,62.0,818331.0,3753.0
79,68.85,0.0,17.89,5.17,86.74,0.0,25.0,50.0,75.0,0.0,0.0,60.0,30.0,340727.0,1678.0,30.0,480792.0,1510.0,75.0,60.0,60.0,821519.0,3188.0
80,72.91,10.3,26.65,8.23,109.86,0.0,19.4,74.0,0.0,70.0,93.4,0.0,40.0,341850.0,1123.0,30.0,482183.0,1391.0,93.4,70.0,70.0,824033.0,2514.0
81,24.79,0.0,16.15,12.82,40.94,0.0,33.0,61.0,0.0,65.0,94.0,0.0,35.0,342679.0,829.0,30.0,483407.0,1224.0,94.0,65.0,65.0,826086.0,2053.0
82,17.37,0.0,7.99,11.34,25.36,0.0,22.3,0.0,22.3,5.0,0.0,60.0,40.0,343962.0,1283.0,25.0,484867.0,1460.0,22.3,65.0,65.0,828829.0,2743.0
83,82.78,0.0,9.0,9.11,91.78,0.0,18.0,68.0,86.0,0.0,0.0,100.0,50.0,345999.0,2037.0,50.0,486712.0,1845.0,86.0,100.0,100.0,832711.0,3882.0
84,73.61,0.0,16.79,11.13,90.4,0.0,22.0,45.0,67.0,10.0,0.0,40.0,25.0,347447.0,1448.0,25.0,488417.0,1705.0,67.0,50.0,50.0,835864.0,3153.0
85,69.48,9.13,14.82,9.49,93.43,0.0,13.38,55.0,0.0,30.0,68.38,55.0,45.0,348933.0,1486.0,40.0,490429.0,2012.0,68.38,85.0,85.0,839362.0,3498.0
86,75.75,7.86,8.86,8.55,92.47,0.0,30.0,96.0,0.0,35.0,126.0,90.0,65.0,351440.0,2507.0,60.0,493302.0,2873.0,126.0,125.0,125.0,844742.0,5380.0
87,76.17,14.78,16.85,8.85,107.8,0.0,44.6,88.0,0.0,4.0,132.6,103.0,50.0,354740.0,3300.0,57.0,496528.0,3226.0,132.6,107.0,107.0,851268.0,6526.0
88,56.88,16.71,17.86,12.99,91.45,0.0,24.0,90.0,114.0,0.0,0.0,50.0,25.0,357680.0,2940.0,25.0,499466.0,2938.0,114.0,50.0,50.0,857146.0,5878.0
89,32.07,20.12,24.47,11.04,76.66,0.0,30.0,50.0,80.0,0.0,0.0,50.0,25.0,359185.0,1505.0,25.0,502302.0,2836.0,80.0,50.0,50.0,861487.0,4341.0
90,70.8,16.87,26.83,13.13,114.5,0.0,22.0,75.0,97.0,10.0,0.0,70.0,40.0,360855.0,1670.0,40.0,505461.0,3159.0,97.0,80.0,80.0,866316.0,4829.0
91,89.14,8.43,15.02,27.14,112.59,0.0,23.86,68.0,0.0,75.0,91.86,5.0,45.0,362837.0,1982.0,30.0,508385.0,2924.0,91.86,80.0,75.0,871222.0,4906.0
92,90.38,19.23,11.15,16.8,120.76,0.0,34.79,95.0,0.0,85.0,129.79,5.0,40.0,365508.0,2671.0,50.0,511579.0,3194.0,129.79,90.0,90.0,877087.0,5865.0
93,87.56,14.57,12.9,25.25,115.03,0.0,29.0,113.0,142.0,5.0,0.0,148.0,74.0,368210.0,2702.0,74.0,515303.0,3724.0,142.0,153.0,148.0,883513.0,6426.0
94,81.79,25.16,11.95,17.26,118.9,0.0,25.87,110.0,0.0,134.0,110.0,0.0,71.0,371340.0,3130.0,63.0,519197.0,3894.0,110.0,134.0,134.0,890537.0,7024.0
95,38.49,22.53,10.33,18.21,71.35,0.0,0.0,110.0,110.0,10.0,0.0,80.0,50.0,374110.0,2770.0,40.0,522759.0,3562.0,110.0,90.0,90.0,896869.0,6332.0
96,13.66,8.93,14.3,17.91,36.89,0.0,31.0,50.0,81.0,0.0,0.0,70.0,30.0,375942.0,1832.0,40.0,525814.0,3055.0,81.0,70.0,70.0,901756.0,4887.0
97,85.13,12.65,8.44,17.54,106.22,0.0,0.0,61.0,0.0,110.0,61.0,0.0,55.0,377564.0,1622.0,55.0,528456.0,2642.0,61.0,110.0,110.0,906020.0,4264.0
98,78.68,16.91,15.28,17.94,110.87,0.0,45.5,107.0,0.0,120.0,152.5,0.0,65.0,379271.0,1707.0,55.0,531076.0,2620.0,152.5,120.0,120.0,910347.0,4327.0
99,88.88,9.0,22.26,26.1,120.14,0.0,42.0,70.0,112.0,0.0,0.0,112.0,56.0,380876.0,1605.0,56.0,532838.0,1762.0,112.0,112.0,112.0,913714.0,3367.0
100,87.57,10.2,10.64,17.52,108.41,0.0,36.8,79.0,115.8,0.0,0.0,90.0,40.0,382601.0,1725.0,50.0,534421.0,1583.0,115.8,90.0,90.0,917022.0,3308.0
101,82.84,27.24,13.85,17.03,123.93,0.0,0.0,72.0,0.0,70.0,72.0,0.0,35.0,383870.0,1269.0,35.0,535734.0,1313.0,72.0,70.0,70.0,919604.0,2582.0
102,38.36,11.97,15.58,24.13,65.91,0.0,22.0,80.0,0.0,50.0,102.0,0.0,25.0,385034.0,1164.0,25.0,536887.0,1153.0,102.0,50.0,50.0,921921.0,2317.0
103,21.7,0.0,9.94,24.21,31.64,30.0,30.0,0.0,60.0,0.0,0.0,80.0,45.0,386440.0,1406.0,35.0,537766.0,879.0,60.0,80.0,80.0,924206.0,2285.0
104,92.19,13.57,16.79,7.83,122.55,21.0,46.0,58.0,125.0,0.0,0.0,140.0,70.0,388801.0,2361.0,70.0,539680.0,1914.0,125.0,140.0,140.0,928481.0,4275.0
105,84.18,10.61,11.3,17.56,106.09,22.0,69.0,83.0,0.0,180.0,174.0,0.0,90.0,390372.0,1571.0,90.0,541716.0,2036.0,174.0,180.0,180.0,932088.0,3607.0
106,92.66,16.34,17.46,16.74,126.46,44.0,38.0,86.0,0.0,200.0,168.0,0.0,100.0,392111.0,1739.0,100.0,543873.0,2157.0,168.0,200.0,200.0,935984.0,3896.0
107,81.07,21.85,9.18,27.02,112.1,20.0,24.0,104.0,148.0,0.0,0.0,130.0,65.0,393620.0,1509.0,65.0,545754.0,1881.0,148.0,130.0,130.0,939374.0,3390.0
108,86.64,25.02,12.87,27.06,124.53,22.0,22.0,114.0,158.0,0.0,0.0,110.0,60.0,394973.0,1353.0,50.0,547644.0,1890.0,158.0,110.0,110.0,942617.0,3243.0
109,32.32,19.93,13.81,18.49,66.06,0.0,38.0,57.0,0.0,200.0,95.0,0.0,100.0,396307.0,1334.0,100.0,549965.0,2321.0,95.0,200.0,200.0,946272.0,3655.0
110,21.46,0.0,14.79,17.51,36.25,17.0,43.0,0.0,0.0,96.0,60.0,0.0,58.0,397840.0,1533.0,38.0,551855.0,1890.0,60.0,96.0,96.0,949695.0,3423.0
111,95.21,45.25,12.14,27.1,152.6,0.0,47.0,105.0,152.0,0.0,0.0,130.0,60.0,398984.0,1144.0,70.0,553713.0,1858.0,152.0,130.0,130.0,952697.0,3002.0
112,86.26,31.99,7.58,26.33,125.83,0.0,23.4,144.0,167.4,0.0,0.0,135.0,70.0,400142.0,1158.0,65.0,555480.0,1767.0,167.4,135.0,135.0,955622.0,2925.0
113,92.17,6.6,12.1,25.14,110.87,30.0,22.0,63.0,0.0,110.0,115.0,0.0,50.0,401259.0,1117.0,60.0,557285.0,1805.0,115.0,110.0,110.0,958544.0,2922.0
114,95.14,18.84,12.13,25.88,126.11,0.0,20.0,137.0,0.0,180.0,157.0,0.0,90.0,402595.0,1336.0,90.0,558933.0,1648.0,157.0,180.0,180.0,961528.0,2984.0
115,84.12,8.0,10.98,17.28,103.1,0.0,20.0,101.0,121.0,40.0,0.0,160.0,100.0,404908.0,2313.0,100.0,561540.0,2607.0,121.0,200.0,200.0,966448.0,4920.0
116,63.71,14.75,14.09,17.22,92.55,0.0,20.0,86.0,86.0,60.0,0.0,200.0,130.0,406825.0,1917.0,130.0,563469.0,1929.0,86.0,260.0,260.0,970294.0,3846.0
117,26.77,9.35,15.68,26.44,51.8,0.0,20.0,0.0,0.0,0.0,0.0,50.0,25.0,408375.0,1550.0,25.0,565407.0,1938.0,0.0,50.0,50.0,973782.0,3488.0
118,89.86,14.25,14.09,17.37,118.2,0.0,20.0,131.0,20.0,0.0,185.0,0.0,11.0,410234.0,1859.0,11.0,566921.0,1514.0,205.0,0.0,22.0,977155.0,3373.0
119,80.6,15.36,9.78,0.0,105.74,0.0,0.0,83.0,0.0,0.0,83.0,0.0,30.0,413252.0,3018.0,30.0,569289.0,2368.0,83.0,0.0,60.0,982541.0,5386.0
120,95.79,26.37,14.02,22.11,136.18,0.0,20.0,105.0,0.0,50.0,125.0,0.0,25.0,416483.0,3231.0,25.0,571457.0,2168.0,125.0,50.0,50.0,987940.0,5399.0
121,81.54,15.09,9.96,0.0,106.59,0.0,20.0,68.0,88.0,0.0,0.0,60.0,30.0,419720.0,3237.0,30.0,574075.0,2618.0,88.0,60.0,60.0,993795.0,5855.0
122,85.14,27.56,12.03,23.1,124.73,0.0,20.0,89.0,89.0,0.0,0.0,60.0,30.0,423742.0,4022.0,30.0,577155.0,3080.0,89.0,60.0,60.0,1000897.0,7102.0
123,36.42,6.88,7.96,16.76,51.26,0.0,0.0,117.0,0.0,120.0,117.0,0.0,60.0,428277.0,4535.0,60.0,581127.0,3972.0,117.0,120.0,120.0,1009404.0,8507.0
124,27.61,0.0,12.89,17.79,40.5,0.0,26.0,0.0,0.0,80.0,0.0,0.0,40.0,430180.0,1903.0,40.0,583772.0,2645.0,0.0,80.0,80.0,1013952.0,4548.0
125,10.52,0.0,8.78,17.19,19.3,0.0,22.0,0.0,0.0,100.0,0.0,0.0,50.0,433353.0,3173.0,50.0,588262.0,4490.0,0.0,100.0,100.0,1021615.0,7663.0
126,96.46,17.88,6.09,8.86,120.43,0.0,20.0,131.0,131.0,0.0,0.0,120.0,70.0,436954.0,3601.0,70.0,592180.0,3918.0,131.0,120.0,140.0,1029134.0,7519.0
127,78.58,27.57,12.7,24.96,118.85,0.0,22.0,124.0,124.0,0.0,0.0,140.0,81.0,439563.0,2609.0,81.0,595416.0,3236.0,124.0,140.0,162.0,1034979.0,5845.0
128,87.1,16.63,12.06,16.86,115.79,0.0,22.0,79.0,0.0,160.0,101.0,0.0,91.0,441688.0,2125.0,91.0,598212.0,2796.0,101.0,160.0,182.0,1039900.0,4921.0
129,78.42,32.43,12.42,16.24,123.27,0.0,22.0,116.0,0.0,140.0,116.0,0.0,81.0,443193.0,1505.0,81.0,600843.0,2631.0,116.0,140.0,162.0,1044036.0,4136.0
130,34.59,26.75,12.11,25.35,73.45,45.0,22.0,107.0,45.0,105.0,107.0,45.0,86.0,446108.0,2915.0,86.0,604148.0,3305.0,152.0,150.0,172.0,1050256.0,6220.0
131,20.2,0.0,9.24,17.16,29.44,33.0,30.0,0.0,33.0,110.0,0.0,0.0,70.0,449557.0,3449.0,70.0,607480.0,3332.0,33.0,110.0,140.0,1057037.0,6781.0
132,95.16,39.93,6.95,15.62,142.04,15.0,22.0,73.0,73.0,0.0,0.0,120.0,71.0,452116.0,2559.0,71.0,609716.0,2236.0,73.0,120.0,142.0,1061832.0,4795.0
133,85.98,30.74,9.54,17.76,126.26,0.0,34.0,147.0,0.0,160.0,147.0,0.0,97.0,455128.0,3012.0,97.0,613168.0,3452.0,147.0,160.0,194.0,1068296.0,6464.0
134,82.78,11.78,11.62,17.75,106.18,22.0,22.0,134.0,0.0,160.0,134.0,0.0,91.0,458167.0,3039.0,91.0,615699.0,2531.0,134.0,160.0,182.0,1073866.0,5570.0
135,86.27,14.65,10.31,14.6,111.23,0.0,22.0,103.0,103.0,0.0,0.0,120.0,71.0,461103.0,2936.0,71.0,617859.0,2160.0,103.0,120.0,142.0,1078962.0,5096.0
136,84.0,16.09,6.33,14.88,106.42,0.0,22.0,88.0,88.0,0.0,0.0,80.0,51.0,463614.0,2511.0,51.0,619998.0,2139.0,88.0,80.0,102.0,1083612.0,4650.0
137,28.47,12.05,11.15,16.11,51.67,0.0,0.0,76.0,0.0,80.0,76.0,0.0,40.0,464884.0,1270.0,40.0,622183.0,2185.0,76.0,80.0,80.0,1087067.0,3455.0
138,27.22,10.05,12.36,8.76,49.63,0.0,22.0,0.0,0.0,80.0,0.0,0.0,51.0,466231.0,1347.0,51.0,624365.0,2182.0,0.0,80.0,102.0,1090596.0,3529.0
139,81.46,41.64,10.08,6.01,133.18,0.0,0.0,120.0,120.0,0.0,0.0,140.0,70.0,467673.0,1442.0,70.0,626832.0,2467.0,120.0,140.0,140.0,1094505.0,3909.0
140,95.5,18.47,6.68,15.37,120.65,10.0,22.0,128.0,144.0,0.0,15.0,180.0,101.0,470052.0,2379.0,101.0,629552.0,2720.0,159.0,180.0,202.0,1099604.0,5099.0
141,77.55,18.32,14.67,15.0,110.54,0.0,22.0,119.0,0.0,140.0,119.0,0.0,81.0,472827.0,2775.0,81.0,632684.0,3132.0,119.0,140.0,162.0,1105511.0,5907.0
142,88.66,18.61,14.83,8.32,122.1,0.0,16.0,68.0,0.0,150.0,68.0,0.0,78.0,475314.0,2487.0,88.0,635790.0,3106.0,68.0,150.0,166.0,1111104.0,5593.0
143,72.58,7.37,11.15,14.82,91.1,0.0,22.0,80.0,80.0,0.0,0.0,90.0,61.0,478203.0,2889.0,51.0,638436.0,2646.0,80.0,90.0,112.0,1116639.0,5535.0
144,61.92,14.77,17.42,0.0,94.11,0.0,0.0,92.0,92.0,0.0,0.0,100.0,50.0,480499.0,2296.0,50.0,640944.0,2508.0,92.0,100.0,100.0,1121443.0,4804.0
145,18.54,3.07,10.35,16.73,31.96,0.0,0.0,0.0,0.0,100.0,0.0,0.0,50.0,482411.0,1912.0,50.0,642981.0,2037.0,0.0,100.0,100.0,1125392.0,3949.0
146,92.46,0.0,15.69,17.08,108.15,0.0,18.0,70.0,0.0,120.0,70.0,0.0,69.0,484190.0,1779.0,69.0,645233.0,2252.0,70.0,120.0,138.0,1129423.0,4031.0
147,78.91,0.0,10.24,16.45,89.15,0.0,22.0,71.0,71.0,0.0,0.0,100.0,61.0,485552.0,1362.0,61.0,647165.0,1932.0,71.0,100.0,122.0,1132717.0,3294.0
148,86.79,0.0,15.22,17.25,102.01,0.0,22.0,68.0,68.0,0.0,0.0,80.0,51.0,486585.0,1033.0,51.0,649284.0,2119.0,68.0,80.0,102.0,1135869.0,3152.0
149,95.29,0.0,11.88,14.77,107.17,0.0,0.0,65.0,0.0,60.0,65.0,0.0,30.0,487484.0,899.0,30.0,651305.0,2021.0,65.0,60.0,60.0,1138789.0,2920.0
150,83.89,0.0,11.75,8.69,95.64,0.0,20.0,62.0,0.0,40.0,62.0,0.0,30.0,488601.0,1117.0,30.0,652977.0,1672.0,62.0,40.0,60.0,1141578.0,2789.0
151,32.67,0.0,13.48,7.87,46.15,0.0,22.0,60.0,60.0,0.0,0.0,120.0,60.0,490779.0,2178.0,60.0,654760.0,1783.0,60.0,120.0,120.0,1145539.0,3961.0
152,26.77,0.0,6.93,0.0,33.7,0.0,0.0,0.0,0.0,0.0,0.0,100.0,50.0,493358.0,2579.0,50.0,657066.0,2306.0,0.0,100.0,100.0,1150424.0,4885.0
153,13.21,0.0,7.52,0.0,20.73,0.0,0.0,0.0,0.0,60.0,0.0,0.0,30.0,494678.0,1320.0,30.0,659194.0,2128.0,0.0,60.0,60.0,1153872.0,3448.0
154,88.6,0.0,15.95,17.02,104.55,0.0,10.0,68.0,68.0,0.0,0.0,70.0,40.0,496024.0,1346.0,40.0,660828.0,1634.0,68.0,70.0,80.0,1156852.0,2980.0
155,84.98,0.0,11.87,17.16,96.85,0.0,22.0,63.0,63.0,0.0,0.0,60.0,41.0,497525.0,1501.0,41.0,662638.0,1810.0,63.0,60.0,82.0,1160163.0,3311.0
156,80.07,8.5,12.88,15.31,101.45,0.0,22.0,86.0,0.0,60.0,86.0,0.0,41.0,498896.0,1371.0,41.0,664504.0,1866.0,86.0,60.0,82.0,1163400.0,3237.0
157,78.21,0.0,12.78,9.12,90.99,0.0,0.0,57.0,0.0,96.0,57.0,0.0,48.0,499665.0,769.0,48.0,666051.0,1547.0,57.0,96.0,96.0,1165716.0,2316.0
158,43.28,0.0,15.93,16.66,59.21,0.0,22.0,64.0,64.0,0.0,0.0,100.0,61.0,500527.0,862.0,61.0,667649.0,1598.0,64.0,100.0,122.0,1168176.0,2460.0
159,14.02,0.0,12.71,8.79,26.73,0.0,0.0,0.0,0.0,0.0,0.0,100.0,50.0,501892.0,1365.0,50.0,669368.0,1719.0,0.0,100.0,100.0,1171260.0,3084.0
160,88.81,0.0,12.88,17.38,101.69,0.0,20.0,30.0,30.0,0.0,0.0,80.0,50.0,503827.0,1935.0,50.0,671173.0,1805.0,30.0,80.0,100.0,1175000.0,3740.0
161,88.75,2.78,15.13,8.55,106.66,0.0,22.0,96.0,96.0,0.0,0.0,80.0,51.0,505733.0,1906.0,51.0,672772.0,1599.0,96.0,80.0,102.0,1178505.0,3505.0
162,82.13,0.0,8.95,15.82,91.08,0.0,0.0,61.0,0.0,100.0,61.0,0.0,50.0,506958.0,1225.0,50.0,675110.0,2338.0,61.0,100.0,100.0,1182068.0,3563.0
163,83.74,0.0,13.13,17.58,96.87,0.0,20.0,60.0,0.0,140.0,60.0,0.0,80.0,508422.0,1464.0,80.0,677654.0,2544.0,60.0,140.0,160.0,1186076.0,4008.0
164,84.73,0.0,11.27,17.23,96.0,0.0,0.0,72.0,72.0,0.0,0.0,180.0,90.0,510826.0,2404.0,90.0,681315.0,3661.0,72.0,180.0,180.0,1192141.0,6065.0
165,32.19,0.0,13.02,16.71,45.21,0.0,22.0,67.0,67.0,0.0,0.0,120.0,71.0,513301.0,2475.0,71.0,685073.0,3758.0,67.0,120.0,142.0,1198374.0,6233.0
166,24.42,0.0,10.63,17.87,35.05,22.0,22.0,0.0,0.0,0.0,0.0,110.0,61.0,515082.0,1781.0,61.0,688053.0,2980.0,0.0,110.0,122.0,1203135.0,4761.0
167,78.15,0.0,10.4,9.19,88.55,20.0,20.0,44.0,0.0,100.0,44.0,0.0,60.0,516197.0,1115.0,60.0,690634.0,2581.0,44.0,100.0,120.0,1206831.0,3696.0
168,84.36,0.0,8.6,17.47,92.96,0.0,0.0,64.0,64.0,0.0,0.0,90.0,45.0,517775.0,1578.0,45.0,693000.0,2366.0,64.0,90.0,90.0,1210775.0,3944.0
169,89.43,0.0,14.73,17.56,104.16,0.0,15.0,61.0,61.0,0.0,0.0,110.0,60.0,519450.0,1675.0,65.0,695407.0,2407.0,61.0,110.0,125.0,1214857.0,4082.0
170,78.61,0.0,9.88,16.94,88.49,0.0,20.0,76.0,0.0,80.0,76.0,0.0,50.0,521254.0,1804.0,50.0,697919.0,2512.0,76.0,80.0,100.0,1219173.0,4316.0
171,72.52,0.0,10.27,17.82,82.79,0.0,22.0,60.0,0.0,70.0,60.0,0.0,46.0,524310.0,3056.0,46.0,701106.0,3187.0,60.0,70.0,92.0,1225416.0,6243.0
172,39.68,0.0,11.97,8.77,51.65,0.0,0.0,40.0,40.0,0.0,0.0,140.0,70.0,528464.0,4154.0,70.0,705385.0,4279.0,40.0,140.0,140.0,1233849.0,8433.0
173,36.09,0.0,16.46,7.88,52.55,0.0,0.0,0.0,0.0,0.0,0.0,100.0,50.0,532000.0,3536.0,50.0,710600.0,5215.0,0.0,100.0,100.0,1242600.0,8751.0
174,85.44,0.0,14.96,17.8,100.4,22.0,22.0,69.0,0.0,120.0,69.0,0.0,71.0,536535.0,4535.0,71.0,716869.0,6269.0,69.0,120.0,142.0,1253404.0,10804.0
175,90.38,0.0,11.75,8.55,102.13,22.0,22.0,131.0,131.0,0.0,0.0,120.0,71.0,540429.0,3894.0,71.0,721997.0,5128.0,131.0,120.0,142.0,1262426.0,9022.0
176,83.63,8.29,15.52,8.76,107.44,0.0,22.0,95.0,95.0,0.0,0.0,110.0,71.0,543728.0,3299.0,61.0,726548.0,4551.0,95.0,110.0,132.0,1270276.0,7850.0
177,83.41,0.0,6.97,0.0,90.38,22.0,0.0,53.0,0.0,130.0,53.0,0.0,70.0,546251.0,2523.0,60.0,730528.0,3980.0,53.0,130.0,130.0,1276779.0,6503.0
178,87.08,0.0,13.04,0.0,100.12,50.0,22.0,54.0,0.0,120.0,53.0,0.0,71.0,549798.0,3547.0,71.0,734296.0,3768.0,53.0,120.0,142.0,1284094.0,7315.0
179,55.3,0.0,12.24,0.0,67.54,70.0,22.0,40.0,40.0,0.0,0.0,120.0,71.0,552480.0,2682.0,71.0,737195.0,2899.0,40.0,120.0,142.0,1289675.0,5581.0
180,27.31,0.0,12.65,0.0,39.96,76.0,30.0,0.0,0.0,0.0,0.0,120.0,75.0,554659.0,2179.0,75.0,740755.0,3560.0,0.0,120.0,150.0,1295414.0,5739.0
181,88.26,0.0,17.1,0.0,105.36,71.0,22.0,68.0,0.0,120.0,68.0,0.0,71.0,556108.0,1449.0,71.0,743621.0,2866.0,68.0,120.0,142.0,1299729.0,4315.0
182,84.43,0.0,13.24,0.0,97.67,46.0,22.0,85.0,85.0,0.0,0.0,120.0,71.0,557500.0,1392.0,71.0,746511.0,2890.0,85.0,120.0,142.0,1304011.0,4282.0
183,80.6,8.78,0.0,9.19,89.38,0.0,0.0,56.0,56.0,0.0,0.0,100.0,50.0,558725.0,1225.0,50.0,748813.0,2302.0,56.0,100.0,100.0,1307538.0,3527.0
184,80.7,29.58,0.0,3.57,110.28,0.0,0.0,62.0,0.0,100.0,62.0,0.0,50.0,560676.0,1951.0,50.0,752269.0,3456.0,62.0,100.0,100.0,1312945.0,5407.0
185,86.09,18.59,0.0,10.94,104.68,0.0,0.0,78.0,0.0,100.0,78.0,0.0,50.0,562899.0,2223.0,50.0,756512.0,4243.0,78.0,100.0,100.0,1319411.0,6466.0
186,29.53,10.54,0.0,13.11,40.07,22.0,22.0,120.0,142.0,0.0,0.0,100.0,61.0,565550.0,2651.0,61.0,760314.0,3802.0,142.0,100.0,122.0,1325864.0,6453.0
187,27.76,0.0,0.0,12.37,27.76,54.0,0.0,0.0,0.0,0.0,0.0,120.0,60.0,568063.0,2513.0,60.0,763530.0,3216.0,0.0,120.0,120.0,1331593.0,5729.0
188,82.55,9.43,0.0,10.09,91.98,52.0,20.0,47.0,47.0,0.0,0.0,160.0,90.0,571234.0,3171.0,90.0,766926.0,3396.0,47.0,160.0,180.0,1338160.0,6567.0
189,93.76,9.49,0.0,12.87,103.25,20.0,20.0,73.0,73.0,0.0,0.0,180.0,100.0,573367.0,2133.0,100.0,770402.0,3476.0,73.0,180.0,200.0,1343769.0,5609.0
190,79.32,23.52,0.0,12.93,102.84,0.0,20.0,60.0,0.0,160.0,60.0,0.0,90.0,575269.0,1902.0,90.0,773632.0,3230.0,60.0,160.0,180.0,1348901.0,5132.0
191,37.84,0.0,0.0,7.55,37.84,22.0,20.0,70.0,0.0,160.0,70.0,0.0,90.0,576949.0,1680.0,90.0,776645.0,3013.0,70.0,160.0,180.0,1353594.0,4693.0
192,19.7,0.0,0.0,9.0,19.7,30.0,22.0,0.0,0.0,0.0,0.0,120.0,70.0,578083.0,1134.0,70.0,779008.0,2363.0,0.0,120.0,140.0,1357091.0,3497.0
193,15.88,0.0,0.0,15.35,15.88,40.0,0.0,0.0,0.0,0.0,0.0,100.0,50.0,580188.0,2105.0,50.0,780789.0,1781.0,0.0,100.0,100.0,1360977.0,3886.0
194,91.5,13.39,0.0,11.68,104.89,0.0,0.0,61.0,61.0,100.0,0.0,40.0,70.0,582401.0,2213.0,70.0,782741.0,1952.0,61.0,140.0,140.0,1365142.0,4165.0
195,97.01,8.04,0.0,12.52,105.05,0.0,0.0,64.0,64.0,120.0,0.0,0.0,60.0,583392.0,991.0,60.0,784874.0,2133.0,64.0,120.0,120.0,1368266.0,3124.0
196,81.78,15.77,0.0,10.96,97.55,0.0,0.0,83.0,83.0,20.0,0.0,40.0,30.0,584765.0,1373.0,30.0,786863.0,1989.0,83.0,60.0,60.0,1371628.0,3362.0
197,95.94,15.88,0.0,12.0,111.82,0.0,0.0,73.0,0.0,160.0,73.0,20.0,90.0,587085.0,2320.0,90.0,789741.0,2878.0,73.0,180.0,180.0,1376826.0,5198.0
198,93.0,15.12,0.0,12.23,108.12,22.0,0.0,84.0,0.0,120.0,84.0,20.0,70.0,590053.0,2968.0,70.0,793445.0,3704.0,84.0,140.0,140.0,1383498.0,6672.0
199,92.53,19.38,0.0,10.43,111.91,60.0,0.0,104.0,60.0,80.0,104.0,80.0,80.0,593010.0,2957.0,80.0,797762.0,4317.0,164.0,160.0,160.0,1390772.0,7274.0
200,33.17,16.28,0.0,13.86,49.45,80.0,0.0,40.0,80.0,80.0,40.0,60.0,70.0,596300.0,3290.0,70.0,802700.0,4938.0,120.0,140.0,140.0,1399000.0,8228.0
201,33.34,15.79,0.0,11.95,49.13,0.0,0.0,0.0,0.0,80.0,0.0,40.0,60.0,600500.0,4200.0,60.0,807900.0,5200.0,0.0,120.0,120.0,1408400.0,9400.0
202,92.56,9.43,0.0,6.88,101.99,0.0,0.0,59.0,0.0,20.0,59.0,100.0,60.0,606340.0,5840.0,60.0,813700.0,5800.0,59.0,120.0,120.0,1420040.0,11640.0
203,100.03,8.33,0.0,12.35,108.36,0.0,0.0,148.0,0.0,40.0,148.0,120.0,80.0,611800.0,5460.0,80.0,820000.0,6300.0,148.0,160.0,160.0,1431800.0,11760.0
204,98.09,7.88,0.0,12.5,105.97,0.0,0.0,71.0,0.0,60.0,71.0,80.0,70.0,616800.0,5000.0,70.0,825300.0,5300.0,71.0,140.0,140.0,1442100.0,10300.0
205,99.63,18.54,0.0,12.62,118.17,0.0,0.0,76.0,0.0,50.0,76.0,90.0,70.0,621900.0,5100.0,70.0,831900.0,6600.0,76.0,140.0,140.0,1453800.0,11700.0
206,104.62,17.91,0.0,11.11,122.53,0.0,0.0,76.0,0.0,30.0,76.0,100.0,60.0,627600.0,5700.0,70.0,838700.0,6800.0,76.0,130.0,130.0,1466300.0,12500.0
207,63.8,16.83,0.0,8.9,80.63,0.0,0.0,59.0,0.0,20.0,59.0,140.0,80.0,632700.0,5100.0,80.0,844500.0,5800.0,59.0,160.0,160.0,1477200.0,10900.0
208,28.14,7.02,0.0,10.35,35.16,0.0,0.0,0.0,0.0,60.0,0.0,0.0,30.0,637394.0,4694.0,30.0,850514.0,6014.0,0.0,60.0,60.0,1487908.0,10708.0
209,101.4,18.27,0.0,6.55,119.67,0.0,0.0,120.0,0.0,0.0,120.0,100.0,50.0,641318.0,3924.0,50.0,856557.0,6043.0,120.0,100.0,100.0,1497875.0,9967.0
210,102.6,17.21,0.0,12.28,119.81,0.0,0.0,87.0,0.0,20.0,87.0,140.0,80.0,646793.0,5475.0,80.0,862078.0,5521.0,87.0,160.0,160.0,1508871.0,10996.0
211,99.58,15.1,0.0,16.31,114.68,0.0,0.0,76.0,0.0,40.0,76.0,170.0,105.0,648031.0,1238.0,105.0,868421.0,6343.0,76.0,210.0,210.0,1516452.0,7581.0
212,100.75,15.92,0.0,14.99,116.67,0.0,0.0,95.0,150.0,0.0,95.0,200.0,100.0,652130.0,4099.0,100.0,874547.0,6126.0,245.0,200.0,200.0,1526677.0,10225.0
213,104.76,16.98,0.0,12.07,121.74,0.0,20.0,40.0,50.0,0.0,40.0,140.0,80.0,657001.0,4871.0,80.0,880745.0,6198.0,90.0,140.0,160.0,1537746.0,11069.0
214,36.85,13.86,0.0,13.71,50.71,0.0,20.0,37.0,50.0,0.0,37.0,100.0,60.0,660472.0,3471.0,60.0,885280.0,4535.0,87.0,100.0,120.0,1545752.0,8006.0
215,29.45,14.51,0.0,14.29,43.96,0.0,0.0,0.0,0.0,0.0,0.0,40.0,20.0,663200.0,2728.0,20.0,889100.0,3820.0,0.0,40.0,40.0,1552300.0,6548.0
216,109.58,15.17,0.0,13.08,124.75,0.0,0.0,65.0,0.0,0.0,65.0,96.0,50.0,665485.0,2285.0,46.0,892980.0,3880.0,65.0,96.0,96.0,1558465.0,6165.0
217,105.97,15.22,0.0,6.75,121.19,0.0,0.0,77.0,0.0,0.0,77.0,70.0,35.0,667599.0,2114.0,35.0,896959.0,3979.0,77.0,70.0,70.0,1564558.0,6093.0
218,93.49,15.82,0.0,9.23,109.31,0.0,0.0,69.0,0.0,0.0,69.0,140.0,70.0,670357.0,2758.0,70.0,902249.0,5290.0,69.0,140.0,140.0,1572606.0,8048.0
219,104.69,9.26,0.0,10.94,113.95,0.0,0.0,123.0,0.0,0.0,123.0,170.0,85.0,674340.0,3983.0,85.0,907553.0,5304.0,123.0,170.0,170.0,1581893.0,9287.0
220,100.84,9.77,0.0,12.65,110.61,0.0,40.0,68.0,0.0,0.0,68.0,120.0,60.0,677966.0,3626.0,60.0,912346.0,4793.0,68.0,120.0,120.0,1590312.0,8419.0
221,45.68,8.02,0.0,12.15,53.7,0.0,0.0,43.0,0.0,0.0,43.0,100.0,50.0,680685.0,2719.0,50.0,916317.0,3971.0,43.0,100.0,100.0,1597002.0,6690.0
222,36.06,24.25,0.0,14.48,60.31,0.0,20.0,0.0,0.0,0.0,0.0,90.0,50.0,683708.0,3023.0,40.0,919824.0,3507.0,0.0,90.0,90.0,1603532.0,6530.0
223,104.41,16.29,0.0,11.23,120.7,0.0,0.0,103.0,0.0,0.0,103.0,80.0,40.0,687428.0,3720.0,40.0,922886.0,3062.0,103.0,80.0,80.0,1610314.0,6782.0
224,107.95,7.84,0.0,9.24,115.79,0.0,0.0,116.0,0.0,0.0,116.0,120.0,60.0,692208.0,4780.0,60.0,926790.0,3904.0,116.0,120.0,120.0,1618998.0,8684.0
225,99.67,17.12,0.0,8.54,116.79,0.0,0.0,124.0,0.0,0.0,124.0,110.0,55.0,696686.0,4478.0,55.0,931889.0,5099.0,124.0,110.0,110.0,1628575.0,9577.0
226,104.17,10.27,0.0,9.11,114.44,0.0,0.0,100.0,0.0,0.0,100.0,160.0,80.0,701091.0,4405.0,80.0,937280.0,5391.0,100.0,160.0,160.0,1638371.0,9796.0
227,116.74,18.95,0.0,10.58,135.69,0.0,30.0,77.0,0.0,0.0,77.0,120.0,75.0,703991.0,2900.0,75.0,941910.0,4630.0,77.0,120.0,150.0,1645901.0,7530.0
228,58.43,9.63,0.0,13.85,68.06,0.0,20.0,86.0,0.0,0.0,86.0,100.0,50.0,707063.0,3072.0,50.0,947007.0,5097.0,86.0,100.0,100.0,1654070.0,8169.0
229,35.67,15.75,0.0,11.58,51.42,0.0,20.0,0.0,0.0,0.0,0.0,80.0,40.0,709124.0,2061.0,40.0,950763.0,3756.0,0.0,80.0,80.0,1659887.0,5817.0
230,108.19,16.8,0.0,10.27,124.99,0.0,0.0,121.0,0.0,0.0,121.0,120.0,60.0,711160.0,2036.0,60.0,954360.0,3617.0,121.0,120.0,120.0,1665520.0,5653.0
231,105.45,18.38,0.0,11.94,123.83,0.0,0.0,110.0,0.0,0.0,110.0,120.0,60.0,713458.0,2298.0,60.0,958051.0,3671.0,110.0,120.0,120.0,1671509.0,5969.0
232,106.38,42.62,0.0,9.23,149.0,0.0,0.0,156.0,0.0,0.0,156.0,180.0,90.0,716226.0,2768.0,90.0,962449.0,4398.0,156.0,180.0,180.0,1678675.0,7166.0
233,102.96,0.0,0.0,9.02,102.96,0.0,0.0,149.0,0.0,0.0,149.0,230.0,115.0,719116.0,2890.0,115.0,967568.0,5119.0,149.0,230.0,230.0,1686684.0,8009.0
234,103.22,19.73,0.0,10.61,122.95,0.0,0.0,160.0,0.0,0.0,160.0,245.0,120.0,721868.0,2752.0,125.0,972320.0,4752.0,160.0,245.0,245.0,1694188.0,7504.0
235,50.7,31.62,0.0,11.75,82.32,0.0,40.0,83.0,0.0,0.0,83.0,215.0,105.0,724571.0,2703.0,110.0,976877.0,4557.0,83.0,215.0,215.0,1701448.0,7260.0
236,30.88,17.66,0.0,10.21,48.54,0.0,0.0,0.0,0.0,0.0,0.0,120.0,60.0,725943.0,1372.0,60.0,979297.0,2420.0,0.0,120.0,120.0,1705240.0,3792.0
237,99.78,14.61,0.0,10.37,114.39,0.0,0.0,125.0,0.0,0.0,125.0,140.0,70.0,727111.0,1168.0,70.0,981705.0,2408.0,125.0,140.0,140.0,1708816.0,3576.0
238,114.9,15.2,0.0,8.84,130.1,0.0,0.0,130.0,0.0,0.0,130.0,190.0,95.0,728731.0,1620.0,95.0,984940.0,3235.0,130.0,190.0,190.0,1713671.0,4855.0
239,100.97,8.13,0.0,9.69,109.1,0.0,0.0,132.0,0.0,0.0,132.0,200.0,100.0,730448.0,1717.0,100.0,988462.0,3522.0,132.0,200.0,200.0,1718910.0,5239.0
240,107.17,15.5,0.0,11.69,122.67,0.0,0.0,141.0,0.0,0.0,141.0,180.0,90.0,732226.0,1778.0,90.0,992072.0,3610.0,141.0,180.0,180.0,1724298.0,5388.0
241,103.09,8.62,0.0,9.62,111.71,0.0,0.0,143.0,0.0,0.0,143.0,160.0,80.0,734159.0,1933.0,80.0,995992.0,3920.0,143.0,160.0,160.0,1730151.0,5853.0
242,51.87,7.4,0.0,7.96,59.27,0.0,0.0,144.0,0.0,0.0,144.0,100.0,50.0,735535.0,1375.0,50.0,998435.0,2443.0,144.0,100.0,100.0,1733970.0,3818.0
243,48.68,18.29,0.0,11.74,66.97,0.0,0.0,0.0,0.0,0.0,0.0,104.0,52.0,737066.0,1531.0,52.0,1000919.0,2484.0,0.0,104.0,104.0,1737985.0,4015.0
244,103.16,17.02,0.0,9.08,120.18,0.0,0.0,120.0,0.0,0.0,120.0,120.0,60.0,737763.0,697.0,60.0,1002175.0,1256.0,120.0,120.0,120.0,1739938.0,1953.0
245,69.19,14.29,0.0,3.7,83.48,0.0,0.0,115.0,0.0,0.0,115.0,150.0,75.0,737763.0,600.0,75.0,1002175.0,1543.0,115.0,150.0,150.0,1739938.0,2143.0
246,105.05,16.89,0.0,9.63,121.94,0.0,0.0,69.0,0.0,0.0,69.0,120.0,60.0,737763.0,634.0,60.0,1002175.0,1766.0,69.0,120.0,120.0,1739938.0,2400.0
247,106.31,18.18,0.0,12.11,124.49,0.0,0.0,112.0,0.0,0.0,112.0,160.0,80.0,739288.0,1525.0,80.0,1004144.0,1969.0,112.0,160.0,160.0,1743432.0,3494.0
248,103.46,16.53,0.0,10.35,119.99,0.0,0.0,180.0,0.0,0.0,139.0,180.0,90.0,742077.0,2734.0,80.0,1008151.0,4007.0,139.0,180.0,170.0,1750228.0,6741.0
249,38.87,16.22,0.0,18.36,55.09,0.0,0.0,131.0,0.0,0.0,170.0,170.0,85.0,744929.0,2907.0,85.0,1012498.0,4346.0,170.0,170.0,170.0,1757427.0,7253.0
250,47.25,8.66,0.0,13.67,55.91,0.0,0.0,0.0,0.0,0.0,0.0,142.0,71.0,746496.0,1567.0,71.0,1015600.0,3102.0,0.0,142.0,142.0,1762096.0,4669.0
251,112.16,8.42,0.0,10.78,120.58,0.0,0.0,127.0,0.0,0.0,127.0,160.0,80.0,747765.0,1269.0,80.0,1018325.0,2725.0,127.0,160.0,160.0,1766090.0,3994.0
252,102.17,7.97,0.0,14.26,110.14,0.0,0.0,147.0,0.0,0.0,147.0,180.0,90.0,749166.0,1401.0,90.0,1021041.0,2716.0,147.0,180.0,180.0,1770207.0,4117.0
253,113.36,9.17,0.0,11.0,122.53,0.0,0.0,133.0,0.0,0.0,133.0,220.0,110.0,751319.0,2153.0,110.0,1023255.0,2214.0,133.0,220.0,220.0,1774574.0,4367.0
254,98.09,19.23,0.0,10.79,117.32,0.0,0.0,170.0,0.0,0.0,170.0,270.0,135.0,753165.0,1866.0,135.0,1026891.0,3626.0,170.0,270.0,270.0,1780056.0,5492.0
255,103.54,18.47,0.0,9.65,122.01,0.0,0.0,161.0,0.0,0.0,161.0,290.0,145.0,755941.0,2756.0,145.0,1029901.0,3010.0,161.0,290.0,290.0,1785842.0,5766.0
256,47.99,9.88,0.0,11.36,57.87,0.0,0.0,127.0,0.0,0.0,127.0,140.0,70.0,757444.0,1503.0,70.0,1032674.0,2773.0,127.0,140.0,140.0,1790118.0,4276.0
257,50.7,18.39,0.0,13.32,69.09,22.0,0.0,0.0,0.0,0.0,0.0,70.0,35.0,758753.0,1309.0,35.0,1034546.0,1872.0,0.0,70.0,70.0,1793299.0,3181.0
258,120.63,18.11,0.0,11.5,138.74,0.0,0.0,123.0,0.0,0.0,123.0,200.0,100.0,760473.0,1720.0,100.0,1036770.0,2224.0,123.0,200.0,200.0,1797243.0,3944.0
259,125.29,25.12,0.0,5.74,150.41,0.0,0.0,136.0,0.0,0.0,136.0,180.0,90.0,762034.0,1561.0,90.0,1038933.0,2163.0,136.0,180.0,180.0,1800967.0,3724.0
260,122.7,20.41,0.0,13.5,143.11,0.0,0.0,177.0,0.0,0.0,177.0,200.0,100.0,763858.0,1824.0,100.0,1041563.0,2630.0,177.0,200.0,200.0,1805421.0,4454.0
261,134.32,16.63,0.0,14.6,150.95,0.0,0.0,112.0,0.0,0.0,112.0,180.0,90.0,766045.0,2187.0,90.0,1044541.0,2978.0,112.0,180.0,180.0,1810586.0,5165.0
262,130.79,25.62,0.0,10.42,156.41,0.0,0.0,126.0,0.0,0.0,126.0,170.0,85.0,767494.0,1449.0,85.0,1048131.0,3590.0,126.0,170.0,170.0,1815625.0,5039.0
263,81.95,8.11,0.0,7.59,90.06,0.0,0.0,120.0,0.0,0.0,120.0,230.0,115.0,769494.0,2000.0,115.0,1051484.0,3353.0,120.0,230.0,230.0,1820978.0,5353.0
264,56.64,0.0,0.0,10.28,56.64,0.0,52.0,0.0,0.0,0.0,0.0,120.0,60.0,771054.0,1560.0,60.0,1054415.0,2931.0,0.0,120.0,120.0,1825469.0,4491.0
265,143.56,23.19,0.0,15.82,166.75,10.0,0.0,92.0,0.0,0.0,92.0,340.0,170.0,773082.0,2028.0,170.0,1058421.0,4006.0,92.0,340.0,340.0,1831503.0,6034.0
266,150.61,0.0,0.0,14.95,150.61,70.0,0.0,131.0,0.0,0.0,131.0,320.0,16.0,776200.0,3118.0,160.0,1063088.0,4667.0,131.0,320.0,176.0,1839288.0,7785.0
267,142.94,15.7,0.0,15.17,158.64,55.0,66.0,130.0,0.0,0.0,130.0,356.0,178.0,779216.0,3016.0,178.0,1067924.0,4836.0,130.0,356.0,356.0,1847140.0,7852.0
268,129.91,18.68,0.0,14.63,148.59,0.0,0.0,161.0,0.0,0.0,161.0,250.0,125.0,782170.0,2954.0,125.0,1071883.0,3959.0,161.0,250.0,250.0,1854053.0,6913.0
269,126.06,15.7,0.0,15.0,141.76,103.0,0.0,130.0,0.0,0.0,130.0,390.0,195.0,786026.0,3856.0,195.0,1075783.0,3900.0,130.0,390.0,390.0,1861809.0,7756.0
270,97.41,7.17,0.0,12.62,104.58,22.0,0.0,166.0,0.0,0.0,166.0,160.0,80.0,787860.0,1834.0,80.0,1078380.0,2597.0,166.0,160.0,160.0,1866240.0,4431.0
271,58.25,17.17,0.0,5.88,75.42,66.0,30.0,0.0,0.0,0.0,0.0,90.0,45.0,789391.0,1531.0,45.0,1080981.0,2601.0,0.0,90.0,90.0,1870372.0,4132.0
272,133.48,16.76,0.0,12.76,150.24,0.0,0.0,146.0,0.0,0.0,146.0,270.0,135.0,791956.0,2563.0,135.0,1084479.0,3498.0,146.0,270.0,270.0,1876435.0,6061.0
273,123.2,16.5,0.0,13.87,139.7,0.0,33.0,140.0,0.0,0.0,173.0,340.0,170.0,794000.0,2044.0,170.0,1088130.0,3651.0,173.0,340.0,340.0,1882130.0,5695.0
274,123.22,18.58,0.0,11.04,141.8,0.0,0.0,136.0,0.0,0.0,136.0,190.0,95.0,796239.0,2239.0,95.0,1091401.0,3271.0,136.0,190.0,190.0,1887640.0,5510.0
275,136.03,14.9,0.0,9.97,150.93,0.0,0.0,122.0,0.0,0.0,122.0,160.0,80.0,797557.0,1318.0,80.0,1093754.0,2353.0,122.0,160.0,160.0,1891311.0,3671.0
276,136.72,34.23,0.0,13.22,170.95,0.0,0.0,103.0,0.0,0.0,103.0,140.0,70.0,799107.0,1550.0,70.0,1095927.0,2173.0,103.0,140.0,140.0,1895034.0,3723.0
277,88.63,15.1,0.0,16.06,103.73,0.0,66.0,155.0,0.0,0.0,155.0,170.0,85.0,801341.0,2234.0,85.0,1099058.0,3131.0,155.0,170.0,170.0,1900399.0,5365.0
278,66.38,15.31,0.0,14.21,81.69,0.0,34.0,0.0,0.0,0.0,0.0,234.0,127.0,804464.0,3123.0,127.0,1104525.0,5467.0,0.0,234.0,254.0,1908989.0,8590.0
279,131.46,7.63,0.0,6.74,139.09,0.0,24.0,125.0,0.0,0.0,125.0,264.0,132.0,808764.0,4303.0,132.0,1109629.0,5304.0,125.0,264.0,264.0,1918393.0,9607.0
280,142.34,6.85,0.0,11.42,149.19,0.0,0.0,134.0,0.0,0.0,134.0,260.0,130.0,812738.0,3974.0,130.0,1113447.0,3818.0,134.0,260.0,260.0,1926185.0,7792.0
281,138.71,18.69,0.0,12.01,157.4,0.0,26.0,115.0,0.0,0.0,115.0,150.0,75.0,818505.0,5767.0,75.0,1118678.0,5231.0,115.0,150.0,150.0,1937183.0,10998.0
282,132.38,9.12,0.0,15.7,141.5,0.0,22.0,98.0,0.0,0.0,98.0,80.0,40.0,821630.0,3125.0,40.0,1122292.0,3614.0,98.0,80.0,80.0,1943922.0,6739.0
283,147.65,29.87,0.0,10.8,177.52,0.0,34.0,104.0,0.0,0.0,104.0,104.0,52.0,825006.0,3376.0,52.0,1126621.0,4329.0,104.0,104.0,104.0,1951627.0,7705.0
284,78.85,14.21,0.0,12.0,93.06,0.0,0.0,80.0,0.0,0.0,80.0,160.0,80.0,828750.0,3744.0,80.0,1130189.0,3668.0,80.0,160.0,160.0,1958939.0,7412.0
285,82.0,22.47,0.0,15.18,104.47,0.0,22.0,0.0,0.0,0.0,0.0,162.0,81.0,829901.0,1151.0,81.0,1131915.0,1626.0,0.0,162.0,162.0,1961816.0,2777.0
286,144.02,39.13,0.0,11.38,183.15,0.0,0.0,131.0,0.0,0.0,131.0,170.0,85.0,832216.0,2315.0,85.0,1135283.0,3368.0,131.0,170.0,170.0,1967499.0,5683.0
287,153.22,33.48,0.0,13.61,186.7,0.0,0.0,80.0,0.0,0.0,80.0,130.0,65.0,835913.0,3697.0,65.0,1140119.0,4836.0,80.0,130.0,130.0,1976032.0,8533.0
288,137.33,35.22,0.0,11.35,172.55,0.0,0.0,93.0,0.0,0.0,93.0,120.0,60.0,838366.0,2453.0,60.0,1144074.0,3955.0,93.0,120.0,120.0,1982440.0,6408.0
289,73.97,9.16,0.0,7.77,83.13,0.0,44.0,0.0,0.0,0.0,0.0,74.0,37.0,838951.0,585.0,37.0,1144206.0,132.0,0.0,74.0,74.0,1983157.0,717.0
290,80.05,7.84,0.0,13.94,87.89,0.0,0.0,107.0,0.0,0.0,107.0,80.0,40.0,839419.0,468.0,40.0,1144955.0,749.0,107.0,80.0,80.0,1984374.0,1217.0
291,68.95,0.0,0.0,9.65,68.95,0.0,0.0,0.0,0.0,0.0,0.0,110.0,55.0,839419.0,0.0,55.0,1145748.0,793.0,0.0,110.0,110.0,1985167.0,793.0
292,140.58,8.5,0.0,15.57,149.08,0.0,0.0,101.0,0.0,0.0,101.0,100.0,50.0,839959.0,540.0,50.0,1147157.0,1417.0,101.0,100.0,100.0,1987116.0,1957.0
293,129.01,25.39,0.0,14.14,154.4,15.0,0.0,70.0,0.0,0.0,70.0,130.0,65.0,839997.0,38.0,65.0,1148138.0,981.0,70.0,130.0,130.0,1988135.0,1019.0
294,146.17,15.62,0.0,15.18,161.79,0.0,22.0,71.0,0.0,0.0,71.0,180.0,101.0,841650.0,1653.0,101.0,1149766.0,1628.0,71.0,180.0,202.0,1991416.0,3281.0
295,132.47,15.48,0.0,15.33,147.95,0.0,0.0,65.0,0.0,0.0,65.0,180.0,90.0,842851.0,1201.0,90.0,1150459.0,693.0,65.0,180.0,180.0,1993310.0,1894.0
296,143.46,28.15,0.0,11.37,171.61,0.0,22.0,55.0,0.0,0.0,55.0,110.0,66.0,845741.0,2890.0,66.0,1153589.0,3130.0,55.0,110.0,132.0,1999330.0,6020.0
297,128.54,40.26,0.0,5.53,168.8,0.0,0.0,81.0,0.0,0.0,81.0,130.0,65.0,849141.0,2400.0,65.0,1157274.0,3685.0,81.0,130.0,130.0,2006415.0,6085.0
298,102.21,38.6,0.0,17.06,140.81,0.0,22.0,105.0,0.0,0.0,105.0,180.0,90.0,854116.0,4975.0,90.0,1162702.0,5428.0,105.0,180.0,180.0,2016818.0,10403.0
299,73.48,16.03,0.0,15.27,89.51,0.0,44.0,0.0,0.0,0.0,0.0,100.0,50.0,858216.0,4145.0,50.0,1167753.0,5051.0,0.0,100.0,100.0,2025969.0,9196.0
300,136.26,32.4,0.0,13.4,168.66,0.0,0.0,132.0,0.0,0.0,132.0,150.0,75.0,862989.0,4728.0,75.0,1173532.0,5779.0,132.0,150.0,150.0,2036521.0,10507.0
301,148.62,49.46,0.0,15.05,198.08,0.0,0.0,101.0,0.0,0.0,101.0,110.0,55.0,867848.0,4859.0,55.0,1178349.0,4817.0,101.0,110.0,110.0,2046197.0,9676.0
302,157.22,31.9,0.0,13.12,189.12,0.0,0.0,162.0,0.0,0.0,162.0,230.0,155.0,873348.0,5100.0,75.0,1182349.0,4000.0,162.0,230.0,230.0,2055697.0,9100.0
303,131.83,61.28,0.0,9.08,193.11,0.0,0.0,154.0,0.0,0.0,154.0,170.0,110.0,880000.0,6652.0,60.0,1186660.0,4311.0,154.0,170.0,170.0,2066660.0,10963.0
304,125.45,8.84,0.0,9.5,134.29,0.0,24.0,100.0,0.0,0.0,100.0,170.0,90.0,886104.0,6105.0,80.0,1191728.0,5068.0,100.0,170.0,170.0,2077832.0,11173.0
305,48.21,17.0,0.0,6.13,65.21,0.0,0.0,86.0,0.0,0.0,86.0,130.0,70.0,889883.0,3779.0,60.0,1195361.0,3633.0,86.0,130.0,130.0,2085244.0,7412.0
306,64.62,18.29,0.0,14.67,82.91,0.0,44.0,0.0,0.0,0.0,0.0,90.0,67.0,892338.0,2455.0,67.0,1198269.0,2908.0,0.0,90.0,134.0,2090607.0,5363.0
307,68.46,7.73,0.0,10.59,76.19,0.0,0.0,0.0,0.0,0.0,0.0,120.0,60.0,894530.0,2192.0,60.0,1201680.0,3411.0,0.0,120.0,120.0,2096210.0,5603.0
308,49.89,16.6,0.0,8.73,66.49,0.0,22.0,0.0,0.0,0.0,0.0,112.0,56.0,896330.0,2200.0,56.0,1204980.0,3300.0,0.0,112.0,112.0,2101310.0,5500.0
309,54.15,48.19,0.0,12.03,102.34,0.0,0.0,81.0,0.0,0.0,81.0,210.0,105.0,898330.0,2000.0,105.0,1207600.0,3620.0,81.0,210.0,210.0,2105930.0,5620.0
310,50.48,63.76,0.0,11.72,114.24,0.0,0.0,133.0,0.0,0.0,133.0,170.0,85.0,899928.0,1598.0,85.0,1210203.0,2603.0,133.0,170.0,170.0,2110131.0,4201.0
311,70.23,44.02,0.0,11.39,114.25,0.0,22.0,62.0,0.0,0.0,62.0,160.0,80.0,901557.0,1629.0,80.0,1213001.0,2798.0,62.0,160.0,160.0,2114558.0,4427.0
312,119.38,14.97,0.0,12.81,134.35,0.0,0.0,157.0,0.0,0.0,157.0,220.0,110.0,903504.0,1947.0,110.0,1215697.0,2696.0,157.0,220.0,220.0,2119201.0,4643.0
313,118.56,24.51,0.0,14.97,143.07,0.0,22.0,70.0,0.0,0.0,70.0,220.0,121.0,906090.0,2586.0,121.0,1218280.0,2583.0,70.0,220.0,242.0,2124370.0,5169.0
314,118.54,38.01,0.0,13.54,156.55,0.0,22.0,152.0,0.0,0.0,152.0,260.0,141.0,909845.0,3755.0,141.0,1222656.0,4376.0,152.0,260.0,282.0,2132501.0,8131.0
315,124.7,46.79,0.0,14.69,171.49,0.0,0.0,116.0,0.0,0.0,116.0,185.0,110.0,915195.0,5350.0,75.0,1226617.0,3961.0,116.0,185.0,185.0,2141812.0,9311.0
316,116.06,56.11,0.0,13.03,172.17,0.0,0.0,118.0,0.0,0.0,118.0,250.0,125.0,920149.0,4954.0,125.0,1230640.0,4023.0,118.0,250.0,250.0,2150789.0,8977.0
317,132.64,66.6,0.0,12.97,199.24,0.0,66.0,122.0,0.0,0.0,122.0,240.0,120.0,925709.0,5560.0,120.0,1236236.0,5596.0,122.0,240.0,240.0,2161945.0,11156.0
318,121.6,67.29,0.0,16.78,188.89,0.0,22.0,114.0,0.0,0.0,114.0,70.0,70.0,928192.0,2483.0,35.0,1239506.0,3270.0,114.0,70.0,105.0,2167698.0,5753.0
319,61.54,67.35,0.0,13.6,128.89,0.0,0.0,80.0,0.0,0.0,80.0,145.0,45.0,930167.0,1975.0,100.0,1243062.0,3556.0,80.0,145.0,145.0,2173229.0,5531.0
320,61.24,0.0,0.0,12.86,61.24,22.0,44.0,0.0,0.0,0.0,0.0,20.0,43.0,931767.0,1600.0,43.0,1245762.0,2700.0,0.0,20.0,86.0,2177529.0,4300.0
321,134.33,59.63,0.0,12.85,193.96,0.0,0.0,94.0,94.0,80.0,0.0,170.0,125.0,935064.0,3297.0,125.0,1249520.0,3758.0,94.0,250.0,250.0,2184584.0,7055.0
322,149.99,58.8,0.0,10.76,208.79,0.0,30.0,136.0,136.0,18.0,0.0,0.0,90.0,938826.0,3767.0,90.0,1253821.0,4301.0,136.0,18.0,180.0,2192647.0,8068.0
323,128.84,59.9,0.0,10.21,188.74,0.0,0.0,138.0,138.0,270.0,0.0,0.0,135.0,943871.0,5045.0,135.0,1258230.0,4409.0,138.0,270.0,270.0,2202101.0,9454.0
324,145.16,44.54,0.0,15.52,189.7,0.0,0.0,187.0,187.0,160.0,0.0,140.0,150.0,944805.0,934.0,150.0,1259347.0,1117.0,187.0,300.0,300.0,2204152.0,2051.0
325,60.63,8.63,0.0,7.65,69.26,0.0,0.0,76.0,76.0,140.0,0.0,90.0,115.0,944805.0,0.0,115.0,1259347.0,0.0,76.0,230.0,230.0,2204152.0,0.0
326,80.76,22.82,0.0,1.79,103.58,20.0,22.0,89.0,89.0,110.0,22.0,40.0,86.0,947585.0,2780.0,86.0,1261977.0,2630.0,111.0,150.0,172.0,2209562.0,5410.0
327,89.12,16.5,0.0,13.46,105.62,33.0,22.0,0.0,0.0,100.0,33.0,50.0,92.0,950412.0,2827.0,92.0,1265329.0,3352.0,33.0,150.0,184.0,2215741.0,6179.0
328,151.26,58.42,0.0,12.57,209.68,0.0,22.0,126.0,126.0,240.0,0.0,0.0,120.0,954421.0,4009.0,120.0,1269326.0,3997.0,126.0,240.0,240.0,2223747.0,8006.0
329,151.64,58.28,0.0,13.02,209.92,71.0,22.0,156.0,156.0,280.0,71.0,0.0,140.0,959155.0,4734.0,140.0,1274045.0,4719.0,227.0,280.0,280.0,2233200.0,9453.0
330,135.39,44.22,0.0,13.11,179.61,0.0,22.0,145.0,145.0,230.0,0.0,80.0,155.0,963962.0,4807.0,155.0,1278692.0,4647.0,145.0,310.0,310.0,2242654.0,9454.0
331,142.87,52.53,0.0,13.57,195.4,0.0,22.0,190.0,190.0,280.0,0.0,0.0,140.0,967994.0,3032.0,140.0,1283002.0,4310.0,190.0,280.0,280.0,2250996.0,7342.0
332,143.6,7.83,0.0,15.92,151.43,44.0,0.0,119.0,119.0,184.0,0.0,0.0,92.0,971533.0,3539.0,92.0,1287100.0,4098.0,119.0,184.0,184.0,2258633.0,7637.0
333,104.79,28.65,0.0,11.94,133.44,0.0,0.0,174.0,174.0,200.0,0.0,0.0,100.0,974849.0,3316.0,100.0,1290779.0,3679.0,174.0,200.0,200.0,2265628.0,6995.0
334,75.6,16.61,0.0,15.3,92.21,0.0,44.0,0.0,0.0,120.0,0.0,0.0,60.0,977548.0,2699.0,60.0,1294029.0,3250.0,0.0,120.0,120.0,2271577.0,5949.0
335,128.76,32.64,0.0,11.11,161.4,0.0,0.0,128.0,128.0,240.0,0.0,0.0,120.0,980919.0,3371.0,120.0,1297920.0,3025.0,128.0,240.0,240.0,2278839.0,6396.0
336,150.57,40.94,0.0,4.69,191.51,0.0,22.0,55.0,55.0,180.0,0.0,0.0,90.0,985553.0,4634.0,90.0,1302557.0,4637.0,55.0,180.0,180.0,2288110.0,9271.0
337,150.0,24.09,0.0,11.34,174.09,0.0,22.0,110.0,110.0,140.0,0.0,0.0,70.0,990286.0,4733.0,70.0,1306465.0,3908.0,110.0,140.0,140.0,2296751.0,8641.0
338,152.38,14.7,0.0,11.35,167.08,0.0,22.0,130.0,130.0,120.0,0.0,40.0,80.0,994332.0,4046.0,80.0,1310700.0,4235.0,130.0,160.0,160.0,2305032.0,8281.0
339,143.33,16.25,0.0,12.82,159.58,0.0,44.0,171.0,171.0,100.0,0.0,0.0,50.0,999118.0,4786.0,50.0,1315786.0,5086.0,171.0,100.0,100.0,2314904.0,9872.0
340,102.2,46.13,0.0,15.83,148.33,0.0,44.0,104.0,104.0,160.0,0.0,0.0,80.0,1003888.0,4770.0,80.0,1320700.0,4914.0,104.0,160.0,160.0,2324588.0,9684.0
341,66.35,17.52,0.0,14.51,83.87,0.0,0.0,0.0,0.0,160.0,0.0,0.0,80.0,1007636.0,3748.0,80.0,1324506.0,3230.0,0.0,160.0,160.0,2332142.0,6978.0
342,118.87,32.66,0.0,13.36,151.53,0.0,22.0,271.0,271.0,220.0,0.0,0.0,110.0,1012916.0,5280.0,110.0,1328817.0,4311.0,271.0,220.0,220.0,2341733.0,9591.0
343,157.53,28.42,0.0,13.1,185.95,0.0,22.0,147.0,147.0,200.0,0.0,0.0,100.0,1017171.0,4255.0,100.0,1332874.0,4057.0,147.0,200.0,200.0,2350045.0,8312.0
344,154.2,17.76,0.0,8.61,171.96,0.0,44.0,188.0,188.0,180.0,0.0,0.0,90.0,1021816.0,4645.0,90.0,1336556.0,3682.0,188.0,180.0,180.0,2358372.0,8327.0
345,167.53,17.21,0.0,14.08,184.74,0.0,44.0,137.0,137.0,140.0,0.0,0.0,70.0,1026536.0,4720.0,70.0,1339932.0,3376.0,137.0,140.0,140.0,2366468.0,8096.0
346,176.71,19.47,0.0,16.72,196.18,0.0,44.0,148.0,148.0,140.0,0.0,0.0,70.0,1031039.0,4503.0,70.0,1343425.0,3493.0,148.0,140.0,140.0,2374464.0,7996.0
347,108.75,18.16,0.0,17.19,126.91,0.0,44.0,194.0,194.0,140.0,0.0,0.0,70.0,1034814.0,3775.0,70.0,1347012.0,3587.0,194.0,140.0,140.0,2381826.0,7362.0
348,112.35,17.36,0.0,15.16,129.71,77.0,0.0,0.0,0.0,90.0,0.0,0.0,35.0,1038616.0,3802.0,55.0,1350704.0,3692.0,0.0,90.0,90.0,2389320.0,7494.0
349,146.53,17.86,0.0,12.93,164.39,0.0,0.0,183.0,183.0,200.0,0.0,0.0,100.0,1042556.0,3940.0,100.0,1354780.0,3555.0,183.0,200.0,200.0,2397336.0,7495.0
350,200.61,17.32,0.0,12.6,217.93,66.0,0.0,185.0,185.0,170.0,0.0,0.0,85.0,1046094.0,3538.0,85.0,1358613.0,3592.0,185.0,170.0,170.0,2404707.0,7130.0
351,179.18,17.22,0.0,16.89,196.4,0.0,0.0,202.0,202.0,240.0,0.0,0.0,120.0,1051014.0,4920.0,120.0,1363528.0,4915.0,202.0,240.0,240.0,2414542.0,9835.0
352,176.14,23.12,0.0,7.6,199.26,0.0,0.0,137.0,137.0,160.0,0.0,0.0,80.0,1055091.0,4077.0,80.0,1367813.0,4285.0,137.0,160.0,160.0,2422904.0,8362.0
353,177.65,0.0,0.0,16.27,177.65,0.0,0.0,180.0,180.0,130.0,0.0,0.0,65.0,1058061.0,2970.0,65.0,1371220.0,3407.0,180.0,130.0,130.0,2429281.0,6377.0
354,147.55,9.65,0.0,12.86,157.2,44.0,0.0,85.0,85.0,130.0,0.0,0.0,65.0,1061430.0,3369.0,65.0,1374585.0,3365.0,85.0,130.0,130.0,2436015.0,6734.0
355,136.97,0.0,0.0,15.66,136.97,0.0,0.0,0.0,0.0,40.0,0.0,0.0,20.0,1063570.0,2080.0,20.0,1376803.0,3724.0,0.0,40.0,40.0,2440373.0,5804.0
356,186.01,9.02,0.0,12.22,195.03,0.0,0.0,195.0,195.0,60.0,0.0,0.0,30.0,1065357.0,1797.0,30.0,1378457.0,1634.0,195.0,60.0,60.0,2443814.0,3431.0
357,188.74,26.23,0.0,9.53,214.97,0.0,0.0,158.0,158.0,180.0,0.0,0.0,90.0,1068736.0,3013.0,90.0,1381450.0,3793.0,158.0,180.0,180.0,2450186.0,6806.0
358,197.19,58.96,0.0,12.51,256.15,0.0,0.0,162.0,162.0,310.0,0.0,0.0,155.0,1073813.0,5077.0,155.0,1385203.0,3753.0,162.0,310.0,310.0,2459016.0,8830.0
359,151.08,8.48,0.0,12.65,159.56,44.0,0.0,162.0,162.0,160.0,0.0,0.0,80.0,1078393.0,4580.0,80.0,1388883.0,3680.0,162.0,160.0,160.0,2467276.0,8260.0
360,161.086,37.45,0.0,8.75,198.53599999999997,0.0,0.0,173.0,173.0,160.0,0.0,0.0,80.0,1082694.0,4301.0,80.0,1392318.0,3435.0,173.0,160.0,160.0,2475012.0,7736.0
361,106.02,61.2,0.0,11.39,167.22,0.0,0.0,166.0,166.0,200.0,0.0,0.0,100.0,1087286.0,4592.0,100.0,1395884.0,3566.0,166.0,200.0,200.0,2483170.0,8158.0
362,88.04,24.6,0.0,14.99,112.64,44.0,0.0,0.0,0.0,140.0,0.0,0.0,70.0,1091190.0,3902.0,70.0,1399056.0,3172.0,0.0,140.0,140.0,2490246.0,7074.0
363,153.95,17.23,0.0,11.75,171.18,0.0,0.0,265.0,265.0,210.0,0.0,0.0,105.0,1095189.0,3999.0,105.0,1402703.0,3647.0,265.0,210.0,210.0,2497892.0,7646.0
364,143.85,34.85,0.0,14.88,178.7,44.0,0.0,152.0,152.0,170.0,0.0,0.0,85.0,1099467.0,4278.0,85.0,1405914.0,3211.0,152.0,170.0,170.0,2505381.0,7489.0
365,150.72,24.89,0.0,16.18,175.61,22.0,0.0,275.0,275.0,300.0,0.0,0.0,150.0,1103897.0,4430.0,150.0,1409888.0,3974.0,275.0,300.0,300.0,2513785.0,8404.0
366,140.61,16.37,0.0,13.64,156.98,44.0,0.0,154.0,154.0,180.0,0.0,30.0,105.0,1108168.0,4271.0,105.0,1413708.0,3820.0,154.0,210.0,210.0,2521876.0,8091.0
367,132.97,18.2,0.0,14.8,151.17,0.0,0.0,157.0,157.0,220.0,0.0,0.0,110.0,1113223.0,5055.0,110.0,1418393.0,4685.0,157.0,220.0,220.0,2531616.0,9740.0
368,108.06,17.13,0.0,14.43,125.19,55.0,0.0,120.0,177.0,210.0,0.0,0.0,105.0,1118000.0,4777.0,105.0,1422980.0,4587.0,177.0,210.0,210.0,2540980.0,9364.0
369,81.51,18.05,0.0,14.65,99.56,22.0,0.0,0.0,0.0,170.0,0.0,0.0,96.0,1122115.0,4115.0,96.0,1427296.0,4316.0,0.0,170.0,192.0,2549411.0,8431.0
370,151.83,24.69,0.0,14.99,176.52,44.0,0.0,206.0,206.0,180.0,0.0,0.0,90.0,1125605.0,3490.0,90.0,1430851.0,3555.0,206.0,180.0,180.0,2556456.0,7045.0
371,154.76,16.82,0.0,9.34,171.58,0.0,0.0,284.0,284.0,230.0,0.0,0.0,115.0,1129243.0,3638.0,115.0,1433734.0,2883.0,284.0,230.0,230.0,2562977.0,6521.0
372,160.01,22.88,0.0,18.56,182.89,0.0,0.0,206.0,206.0,220.0,0.0,0.0,110.0,1133215.0,3972.0,110.0,1437196.0,3462.0,206.0,220.0,220.0,2570411.0,7434.0
373,150.01,32.73,0.0,16.26,182.74,0.0,0.0,177.0,177.0,210.0,0.0,0.0,105.0,1136886.0,3671.0,105.0,1440566.0,3370.0,177.0,210.0,210.0,2577452.0,7041.0
374,156.74,31.08,0.0,17.21,187.82,22.0,0.0,157.0,157.0,284.0,0.0,0.0,142.0,1141123.0,4237.0,142.0,1444412.0,3846.0,157.0,284.0,284.0,2585535.0,8083.0
375,98.83,23.17,0.0,17.22,122.0,22.0,0.0,241.0,241.0,230.0,0.0,0.0,126.0,1145057.0,3934.0,126.0,1448468.0,4056.0,241.0,230.0,252.0,2593525.0,7990.0
376,80.12,32.29,0.0,4.23,112.41,22.0,44.0,71.0,71.0,220.0,0.0,0.0,110.0,1148928.0,3871.0,110.0,1452587.0,4119.0,71.0,220.0,220.0,2601515.0,7990.0
377,155.03,24.21,0.0,23.07,179.24,33.0,0.0,90.0,90.0,220.0,0.0,0.0,110.0,1152288.0,3360.0,110.0,1456026.0,3439.0,90.0,220.0,220.0,2608314.0,6799.0
378,160.37,24.42,0.0,13.58,184.79,33.0,0.0,162.0,162.0,160.0,0.0,0.0,80.0,1155681.0,3393.0,80.0,1459330.0,3304.0,162.0,160.0,160.0,2615011.0,6697.0
379,162.68,36.05,0.0,10.78,198.73,0.0,0.0,152.0,152.0,140.0,0.0,0.0,70.0,1158137.0,2456.0,70.0,1461627.0,2297.0,152.0,140.0,140.0,2619764.0,4753.0
380,153.51,33.25,0.0,15.39,186.76,0.0,0.0,200.0,200.0,170.0,0.0,0.0,85.0,1162438.0,4301.0,85.0,1465000.0,3373.0,200.0,170.0,170.0,2627438.0,7674.0
381,155.68,16.71,0.0,12.84,172.39,22.0,0.0,175.0,175.0,140.0,0.0,0.0,81.0,1165819.0,3441.0,81.0,1468371.0,3371.0,175.0,140.0,162.0,2634190.0,6812.0
382,87.19,41.75,0.0,17.69,128.94,0.0,0.0,225.0,225.0,170.0,0.0,0.0,85.0,1170267.0,4388.0,85.0,1472376.0,4005.0,225.0,170.0,170.0,2642643.0,8393.0
383,94.19,24.98,0.0,14.78,119.17,79.0,11.0,0.0,0.0,190.0,0.0,0.0,95.0,1174127.0,3860.0,95.0,1475715.0,3339.0,0.0,190.0,190.0,2649842.0,7199.0
384,188.91,24.18,0.0,16.09,213.09,22.0,0.0,164.0,164.0,220.0,0.0,0.0,110.0,1177844.0,3717.0,110.0,1479478.0,3763.0,164.0,220.0,220.0,2657322.0,7480.0
385,161.55,24.24,0.0,17.05,185.79,0.0,0.0,178.0,178.0,200.0,0.0,0.0,100.0,1181699.0,3855.0,100.0,1483075.0,3597.0,178.0,200.0,200.0,2664774.0,7452.0
386,165.97,35.5,0.0,15.15,201.47,22.0,0.0,160.0,160.0,190.0,0.0,0.0,100.0,1185525.0,3826.0,112.0,1487000.0,3925.0,160.0,190.0,212.0,2672525.0,7751.0
387,160.9,17.25,0.0,11.37,178.15,0.0,0.0,170.0,170.0,190.0,0.0,0.0,95.0,1189187.0,3667.0,95.0,1490925.0,3925.0,170.0,190.0,190.0,2680112.0,7592.0
388,164.84,25.79,0.0,10.62,190.63,0.0,30.0,214.0,214.0,200.0,0.0,0.0,100.0,1193573.0,4386.0,100.0,1494870.0,3945.0,214.0,200.0,200.0,2688443.0,8331.0
389,111.22,23.27,0.0,12.32,134.49,0.0,44.0,164.0,164.0,190.0,0.0,0.0,95.0,1197907.0,4334.0,95.0,1498158.0,3288.0,164.0,190.0,190.0,2696065.0,7622.0
390,95.31,22.19,0.0,14.69,117.5,0.0,0.0,0.0,0.0,160.0,0.0,0.0,80.0,1201155.0,3448.0,80.0,1500965.0,2807.0,0.0,160.0,160.0,2702120.0,6255.0
391,174.59,34.9,0.0,16.14,209.49,0.0,22.0,230.0,230.0,210.0,0.0,0.0,105.0,1204345.0,3190.0,105.0,1504254.0,3289.0,230.0,210.0,210.0,2708599.0,6479.0
392,173.32,51.91,0.0,16.68,225.23,0.0,44.0,193.0,193.0,130.0,0.0,0.0,87.0,1207863.0,3518.0,87.0,1507161.0,2907.0,193.0,130.0,174.0,2715024.0,6425.0
393,176.81,25.35,0.0,14.56,202.16,0.0,0.0,145.0,145.0,180.0,0.0,0.0,90.0,1211467.0,3604.0,90.0,1510036.0,2875.0,145.0,180.0,180.0,2721503.0,6479.0
394,170.91,32.25,0.0,15.69,203.16,0.0,0.0,175.0,175.0,240.0,0.0,0.0,120.0,1215683.0,4216.0,120.0,1513411.0,3375.0,175.0,240.0,240.0,2729094.0,7591.0
395,159.92,42.1,0.0,14.0,202.02,0.0,0.0,175.0,175.0,200.0,0.0,0.0,100.0,1219734.0,4051.0,100.0,1518068.0,4657.0,175.0,200.0,200.0,2737802.0,8708.0
396,96.35,8.2,0.0,16.31,104.55,0.0,44.0,93.0,93.0,180.0,0.0,0.0,90.0,1223512.0,3778.0,90.0,1521646.0,3578.0,93.0,180.0,180.0,2745158.0,7356.0
397,78.63,46.14,0.0,3.97,124.77,0.0,0.0,156.0,156.0,220.0,0.0,0.0,110.0,1227129.0,3617.0,110.0,1525111.0,3465.0,156.0,220.0,220.0,2752240.0,7082.0
398,85.26,24.01,0.0,13.18,109.27,44.0,0.0,0.0,0.0,120.0,0.0,0.0,82.0,1229278.0,2149.0,82.0,1528085.0,2974.0,0.0,120.0,164.0,2757363.0,5123.0
399,163.88,35.18,0.0,15.28,199.06,0.0,0.0,144.0,144.0,180.0,0.0,0.0,90.0,1231443.0,2165.0,90.0,1530989.0,2904.0,144.0,180.0,180.0,2762432.0,5069.0
400,176.64,38.61,0.0,14.71,215.25,45.0,22.0,191.0,191.0,180.0,0.0,0.0,90.0,1234606.0,3163.0,90.0,1534518.0,3529.0,191.0,180.0,180.0,2769124.0,6692.0
401,162.78,39.87,0.0,16.19,202.65,0.0,22.0,124.0,124.0,210.0,0.0,0.0,105.0,1238192.0,3586.0,105.0,1538215.0,3697.0,124.0,210.0,210.0,2776407.0,7283.0
402,183.46,41.43,0.0,11.15,224.89,0.0,11.0,192.0,192.0,220.0,0.0,0.0,110.0,1241309.0,3117.0,110.0,1541663.0,3448.0,192.0,220.0,220.0,2782972.0,6565.0
403,114.79,52.64,0.0,16.6,167.43,0.0,44.0,174.0,174.0,270.0,0.0,0.0,135.0,1245646.0,4331.0,135.0,1545922.0,4259.0,174.0,270.0,270.0,2791568.0,8590.0
404,81.62,31.31,0.0,13.57,112.93,0.0,0.0,0.0,0.0,240.0,0.0,0.0,120.0,1248591.0,2945.0,120.0,1549021.0,3099.0,0.0,240.0,240.0,2797612.0,6044.0
405,180.29,46.13,0.0,14.97,226.42,22.0,0.0,252.0,252.0,180.0,0.0,0.0,101.0,1251431.0,2840.0,101.0,1552411.0,3390.0,252.0,180.0,202.0,2803842.0,6230.0
406,193.28,36.72,0.0,11.98,230.0,0.0,0.0,226.0,226.0,250.0,0.0,0.0,125.0,1255792.0,4361.0,125.0,1556800.0,4389.0,226.0,250.0,250.0,2812592.0,8750.0
407,164.54,53.85,0.0,15.59,218.39,44.0,9.0,155.0,155.0,240.0,0.0,0.0,120.0,1259786.0,3994.0,120.0,1560811.0,4011.0,155.0,240.0,240.0,2820597.0,8005.0
408,156.27,44.73,0.0,12.24,201.0,22.0,45.0,141.0,141.0,170.0,0.0,0.0,135.0,1263698.0,3912.0,135.0,1564513.0,3702.0,141.0,170.0,270.0,2828211.0,7614.0
409,167.06,52.51,0.0,16.09,219.57,0.0,22.0,207.0,207.0,200.0,0.0,0.0,100.0,1267849.0,4151.0,100.0,1568136.0,3623.0,207.0,200.0,200.0,2835985.0,7774.0
410,88.26,46.66,0.0,17.96,134.92,0.0,44.0,107.0,107.0,180.0,0.0,0.0,90.0,1271992.0,4143.0,90.0,1571639.0,3503.0,107.0,180.0,180.0,2843631.0,7646.0
411,113.34,32.44,0.0,17.38,145.78,22.0,22.0,89.0,89.0,140.0,0.0,0.0,70.0,1275367.0,3375.0,70.0,1574511.0,2872.0,89.0,140.0,140.0,2849878.0,6247.0
412,132.96,46.59,0.0,10.87,179.55,0.0,0.0,208.0,208.0,170.0,0.0,0.0,85.0,1279028.0,3661.0,85.0,1577926.0,3415.0,208.0,170.0,170.0,2856954.0,7076.0
413,135.21,42.78,0.0,14.4,177.99,0.0,22.0,211.0,211.0,180.0,0.0,0.0,90.0,1282780.0,3752.0,90.0,1582609.0,4683.0,211.0,180.0,180.0,2865389.0,8435.0
414,139.08,52.22,0.0,15.4,191.3,0.0,0.0,173.0,173.0,190.0,0.0,0.0,95.0,1286425.0,3645.0,95.0,1586000.0,3391.0,173.0,190.0,190.0,2872425.0,7036.0
415,137.45,41.18,0.0,11.71,178.63,0.0,0.0,190.0,190.0,200.0,0.0,0.0,100.0,1290722.0,4297.0,100.0,1589953.0,3953.0,190.0,200.0,200.0,2880675.0,8250.0
416,135.5,52.76,0.0,13.22,188.26,22.0,50.0,207.0,207.0,180.0,0.0,0.0,90.0,1295432.0,4710.0,90.0,1594125.0,4172.0,207.0,180.0,180.0,2889557.0,8882.0
417,66.93,61.11,0.0,14.17,128.04,0.0,0.0,165.0,165.0,210.0,0.0,0.0,105.0,1299363.0,3931.0,105.0,1597606.0,3482.0,165.0,210.0,210.0,2896969.0,7413.0
418,82.74,50.49,0.0,12.0,133.23,22.0,22.0,0.0,0.0,220.0,0.0,0.0,110.0,1303062.0,3699.0,110.0,1601082.0,3175.0,0.0,220.0,220.0,2904144.0,6874.0
419,76.87,36.77,0.0,7.52,113.64,0.0,0.0,145.0,145.0,210.0,0.0,0.0,105.0,1306003.0,2941.0,105.0,1604195.0,3113.0,145.0,210.0,210.0,2910198.0,6054.0
420,76.81,41.0,0.0,7.52,117.81,0.0,0.0,96.0,96.0,180.0,0.0,0.0,90.0,1308606.0,2603.0,90.0,1606867.0,2672.0,96.0,180.0,180.0,2915473.0,5275.0
421,43.61,35.19,0.0,4.78,78.8,22.0,0.0,79.0,79.0,250.0,0.0,0.0,125.0,1311866.0,3260.0,125.0,1610394.0,3527.0,79.0,250.0,250.0,2922260.0,6787.0
422,60.59,41.73,0.0,0.0,102.32,0.0,0.0,94.0,94.0,240.0,0.0,0.0,120.0,1314425.0,2559.0,120.0,1613167.0,2773.0,94.0,240.0,240.0,2927592.0,5332.0
423,26.61,26.07,0.0,0.0,52.68,0.0,0.0,92.0,92.0,250.0,0.0,0.0,125.0,1316168.0,1743.0,125.0,1615484.0,2317.0,92.0,250.0,250.0,2931652.0,4060.0
424,0.0,0.0,0.0,0.0,0.0,33.0,33.0,0.0,0.0,130.0,0.0,0.0,65.0,1317850.0,1682.0,65.0,1616971.0,1487.0,0.0,130.0,130.0,2934821.0,3169.0
425,46.5,0.0,0.0,0.0,46.5,44.0,22.0,0.0,0.0,60.0,0.0,0.0,30.0,1318945.0,1095.0,30.0,1618184.0,1213.0,0.0,60.0,60.0,2937129.0,2308.0
426,44.7,13.8,0.0,3.72,58.5,0.0,0.0,56.0,56.0,170.0,0.0,0.0,85.0,1320159.0,1214.0,85.0,1619988.0,1214.0,56.0,170.0,170.0,2940147.0,2428.0
427,47.35,24.49,0.0,0.97,71.84,0.0,0.0,27.0,27.0,170.0,0.0,0.0,85.0,1321537.0,1378.0,85.0,1620694.0,1298.0,27.0,170.0,170.0,2942231.0,2676.0
428,59.93,34.78,0.0,2.77,94.71,0.0,0.0,63.0,92.0,240.0,0.0,0.0,120.0,1322896.0,1359.0,120.0,1622285.0,1591.0,92.0,240.0,240.0,2945181.0,2950.0
429,52.89,34.76,0.0,4.0,87.65,0.0,0.0,56.0,57.0,240.0,0.0,0.0,120.0,1324211.0,1315.0,120.0,1623713.0,1428.0,57.0,240.0,240.0,2947924.0,2743.0
430,57.78,34.8,0.0,1.96,92.58,0.0,22.0,61.0,0.0,180.0,0.0,0.0,80.0,1325472.0,1261.0,100.0,1624881.0,1168.0,0.0,180.0,180.0,2950353.0,2429.0
431,117.53,32.9,0.0,3.94,150.43,0.0,0.0,119.0,0.0,210.0,0.0,0.0,105.0,1326952.0,1480.0,105.0,1626503.0,1622.0,0.0,210.0,210.0,2953455.0,3102.0
432,74.92,41.14,0.0,6.07,116.06,0.0,0.0,78.0,0.0,210.0,0.0,0.0,105.0,1328673.0,1721.0,105.0,1628144.0,1641.0,0.0,210.0,210.0,2956817.0,3362.0
433,125.22,34.19,0.0,3.13,159.41,88.0,0.0,127.0,0.0,260.0,0.0,0.0,130.0,1330555.0,1882.0,130.0,1630223.0,2079.0,0.0,260.0,260.0,2960778.0,3961.0
434,132.91,18.27,0.0,10.56,151.18,44.0,0.0,134.0,0.0,220.0,0.0,0.0,110.0,1333128.0,2573.0,110.0,1632334.0,2111.0,0.0,220.0,220.0,2965462.0,4684.0
435,139.21,25.69,0.0,10.57,164.9,55.0,0.0,140.0,0.0,220.0,0.0,0.0,110.0,1335841.0,2713.0,110.0,1634986.0,2652.0,0.0,220.0,220.0,2970827.0,5365.0
436,150.03,25.45,0.0,6.49,175.48,44.0,0.0,151.0,0.0,290.0,0.0,0.0,145.0,1339265.0,3424.0,145.0,1638153.0,3167.0,0.0,290.0,290.0,2977418.0,6591.0
437,144.28,49.36,0.0,10.04,193.64,44.0,0.0,145.0,0.0,240.0,0.0,0.0,120.0,1343006.0,3741.0,120.0,1642397.0,4244.0,0.0,240.0,240.0,2985403.0,7985.0
438,98.96,32.86,0.0,9.79,131.82,0.0,0.0,101.0,0.0,220.0,0.0,0.0,110.0,1347050.0,4044.0,110.0,1646549.0,4152.0,0.0,220.0,220.0,2993599.0,8196.0
439,86.92,32.11,0.0,11.71,119.03,44.0,0.0,89.0,0.0,120.0,0.0,0.0,60.0,1349597.0,2547.0,60.0,1649272.0,2723.0,0.0,120.0,120.0,2998869.0,5270.0
440,158.93,33.02,0.0,9.1,191.95,0.0,0.0,160.0,0.0,280.0,0.0,0.0,140.0,1352865.0,3268.0,140.0,1652837.0,3365.0,0.0,280.0,280.0,3005702.0,6633.0
441,165.3,42.28,0.0,12.79,207.58,0.0,0.0,166.0,0.0,170.0,0.0,0.0,150.0,1357376.0,4511.0,20.0,1655794.0,2957.0,0.0,170.0,170.0,3013170.0,7468.0
442,165.17,49.64,0.0,9.36,214.81,0.0,33.0,166.0,0.0,170.0,0.0,0.0,170.0,1362665.0,5289.0,0.0,1656862.0,1068.0,0.0,170.0,170.0,3019527.0,6357.0
443,158.85,31.19,0.0,12.17,190.04,0.0,0.0,159.0,0.0,180.0,0.0,0.0,140.0,1367604.0,4939.0,40.0,1658276.0,1414.0,0.0,180.0,180.0,3025880.0,6353.0
444,187.27,34.05,0.0,13.09,221.32,43.0,0.0,187.0,0.0,210.0,0.0,0.0,90.0,1372736.0,5132.0,120.0,1662736.0,4460.0,0.0,210.0,210.0,3035472.0,9592.0
445,119.29,40.91,0.0,14.76,160.2,22.0,100.0,121.0,0.0,140.0,0.0,0.0,70.0,1376802.0,4066.0,70.0,1667464.0,4728.0,0.0,140.0,140.0,3044266.0,8794.0
446,104.52,42.57,0.0,18.4,147.09,0.0,0.0,107.0,0.0,160.0,0.0,0.0,80.0,1381420.0,4618.0,80.0,1671543.0,4079.0,0.0,160.0,160.0,3052963.0,8697.0
447,187.43,50.37,0.0,13.77,237.8,0.0,0.0,187.0,0.0,220.0,0.0,0.0,145.0,1385277.0,3857.0,75.0,1675238.0,3695.0,0.0,220.0,220.0,3060515.0,7552.0
448,198.81,40.39,0.0,13.15,239.2,22.0,0.0,198.0,0.0,210.0,0.0,0.0,15.0,1388623.0,3346.0,195.0,1679780.0,4542.0,0.0,210.0,210.0,3068403.0,7888.0
449,182.13,42.1,0.0,13.44,224.23,44.0,70.0,182.0,0.0,180.0,0.0,0.0,0.0,1390120.0,1497.0,180.0,1686416.0,6636.0,0.0,180.0,180.0,3076536.0,8133.0
450,169.36,53.24,0.0,12.33,222.6,0.0,44.0,170.0,0.0,170.0,0.0,0.0,0.0,1390725.0,605.0,170.0,1693112.0,6696.0,0.0,170.0,170.0,3083837.0,7301.0
451,160.21,42.68,0.0,12.69,202.89,0.0,0.0,161.0,0.0,200.0,0.0,0.0,0.0,1391260.0,535.0,200.0,1700103.0,6991.0,0.0,200.0,200.0,3091363.0,7526.0
452,120.81,41.32,0.0,13.73,162.13,0.0,22.0,122.0,0.0,210.0,0.0,0.0,0.0,1391652.0,392.0,210.0,1707047.0,6944.0,0.0,210.0,210.0,3098699.0,7336.0
453,94.81,43.85,0.0,13.0,138.66,0.0,22.0,97.0,0.0,230.0,0.0,0.0,0.0,1391893.0,241.0,230.0,1713785.0,6738.0,0.0,230.0,230.0,3105678.0,6979.0
454,157.44,49.06,0.0,10.71,206.5,44.0,60.0,158.0,0.0,220.0,0.0,0.0,0.0,1391893.0,240.0,220.0,1720171.0,6386.0,0.0,220.0,220.0,3112064.0,6626.0
455,202.08,43.67,0.0,11.46,245.75,22.0,22.0,202.0,0.0,230.0,0.0,0.0,0.0,1392129.0,236.0,230.0,1726928.0,6757.0,0.0,230.0,230.0,3119057.0,6993.0
